"P_S1","P_S2","P_S3","P_S4"
28572.0,37561.0,36269.0,40668.0
28085.0,40069.0,35752.0,38525.0
26100.0,40465.0,35705.0,35209.0
24266.0,39759.0,36456.0,30887.0
22764.0,39210.0,36383.0,26638.0
22314.0,38553.0,35368.0,24150.0
22881.0,37496.0,34276.0,23510.0
23273.0,36911.0,33193.0,23113.0
24127.0,36866.0,32339.0,22606.0
26707.0,37880.0,31088.0,22675.0
29600.0,39051.0,27357.0,24279.0
31875.0,39628.0,24451.0,29598.0
33371.0,39975.0,23339.0,35695.0
33657.0,40418.0,22641.0,37001.0
33665.0,37415.0,22261.0,36311.0
34363.0,33701.0,21809.0,34978.0
36863.0,29736.0,22415.0,33922.0
37833.0,26795.0,26388.0,33045.0
36522.0,27103.0,31344.0,32041.0
34770.0,27273.0,33290.0,31729.0
32860.0,26447.0,33404.0,32127.0
30320.0,25489.0,32744.0,34075.0
28113.0,25705.0,32615.0,36028.0
25446.0,27430.0,32240.0,37547.0
24830.0,30288.0,31933.0,39418.0
24131.0,33115.0,31792.0,37059.0
23162.0,35050.0,31694.0,34005.0
22199.0,35809.0,32540.0,30554.0
21571.0,35972.0,32932.0,26834.0
22232.0,35802.0,32399.0,24371.0
24968.0,35084.0,31778.0,23522.0
28143.0,34704.0,30765.0,22858.0
30947.0,34559.0,30216.0,22249.0
33508.0,35292.0,29182.0,21996.0
34367.0,36918.0,25978.0,22460.0
34776.0,37169.0,23189.0,24808.0
34762.0,37074.0,21783.0,27937.0
34674.0,36852.0,21033.0,31226.0
35204.0,34642.0,20611.0,32718.0
36633.0,31765.0,20209.0,32526.0
41334.0,28253.0,19945.0,31994.0
43920.0,25595.0,21641.0,31345.0
42990.0,25885.0,24535.0,30424.0
40694.0,25813.0,27585.0,29673.0
37846.0,25123.0,29304.0,29762.0
34921.0,24410.0,29305.0,31353.0
31826.0,24323.0,28717.0,33980.0
28858.0,25677.0,27655.0,35837.0
27788.0,28201.0,26449.0,36954.0
27068.0,31279.0,25568.0,34630.0
25740.0,33476.0,25186.0,32111.0
24667.0,33842.0,25996.0,29391.0
23866.0,33680.0,27472.0,26256.0
24171.0,33346.0,28362.0,23682.0
26126.0,32412.0,28493.0,22903.0
28431.0,31524.0,28142.0,22261.0
31675.0,31225.0,28113.0,21594.0
35417.0,32047.0,28020.0,21185.0
37708.0,33807.0,25787.0,21454.0
38685.0,34740.0,23328.0,22864.0
38991.0,35225.0,22022.0,24695.0
38452.0,35615.0,21006.0,27607.0
37817.0,33929.0,20373.0,29390.0
38128.0,31322.0,19692.0,29977.0
41579.0,28217.0,19114.0,29853.0
44245.0,25723.0,19943.0,29612.0
43267.0,25937.0,21758.0,28904.0
40968.0,25881.0,24678.0,28678.0
38449.0,25033.0,27499.0,29528.0
35782.0,24237.0,28879.0,31518.0
33219.0,24077.0,29145.0,33837.0
30565.0,24555.0,29150.0,36092.0
29776.0,26155.0,27910.0,37095.0
28847.0,28250.0,26949.0,34595.0
27578.0,29897.0,26833.0,31718.0
26547.0,30504.0,27710.0,28122.0
25746.0,30717.0,28617.0,24065.0
25661.0,31174.0,28921.0,21546.0
26615.0,30425.0,29090.0,21126.0
27781.0,29444.0,28847.0,20802.0
30019.0,29038.0,28447.0,20271.0
33605.0,29554.0,27827.0,20084.0
36489.0,30403.0,24313.0,21410.0
38074.0,31105.0,21686.0,27167.0
38989.0,32036.0,20861.0,34113.0
38893.0,34110.0,20339.0,36527.0
39048.0,32686.0,20061.0,37256.0
40164.0,30255.0,19905.0,37201.0
43785.0,27035.0,20693.0,37446.0
45442.0,24759.0,25219.0,37447.0
44241.0,25304.0,30296.0,37170.0
42209.0,25464.0,32532.0,36923.0
39644.0,24762.0,33131.0,37203.0
36357.0,24137.0,33459.0,39062.0
32867.0,24392.0,33817.0,40580.0
29240.0,25650.0,33863.0,41578.0
28542.0,27538.0,33481.0,41197.0
28168.0,29184.0,33257.0,38382.0
27437.0,30201.0,33278.0,34752.0
26713.0,30170.0,34542.0,30492.0
26059.0,29558.0,35150.0,26198.0
27425.0,28982.0,34898.0,23604.0
32933.0,27977.0,33786.0,23181.0
39394.0,27446.0,32517.0,22812.0
41934.0,27534.0,31723.0,22348.0
43400.0,29050.0,29300.0,22333.0
44038.0,31611.0,25337.0,23904.0
44389.0,32961.0,22625.0,29427.0
44612.0,33994.0,21637.0,35777.0
44438.0,35466.0,20927.0,37223.0
44533.0,33655.0,20619.0,37682.0
45120.0,30550.0,20470.0,37650.0
47896.0,26815.0,21192.0,37316.0
48510.0,24375.0,25661.0,36977.0
48046.0,24854.0,31127.0,36639.0
46125.0,25092.0,33730.0,36585.0
42916.0,24618.0,34221.0,36817.0
38698.0,24317.0,33678.0,38751.0
34234.0,25590.0,33567.0,40285.0
30011.0,29648.0,33058.0,41680.0
29179.0,34096.0,31712.0,41756.0
28729.0,36654.0,30858.0,39107.0
27685.0,37136.0,30775.0,35620.0
26754.0,36097.0,32083.0,31392.0
26017.0,34907.0,32797.0,27116.0
27164.0,33919.0,32669.0,24338.0
32845.0,32813.0,32128.0,23731.0
39690.0,32393.0,31228.0,23225.0
41807.0,32501.0,30553.0,22515.0
42687.0,33855.0,29043.0,22508.0
42773.0,35520.0,25219.0,23984.0
42653.0,36405.0,22469.0,29572.0
42461.0,36979.0,21367.0,36074.0
42042.0,38475.0,20785.0,37573.0
42084.0,36042.0,20520.0,37885.0
42844.0,32079.0,20531.0,37515.0
46927.0,27952.0,21270.0,37242.0
48571.0,25446.0,25715.0,36777.0
48427.0,25720.0,31133.0,36122.0
46801.0,25730.0,33350.0,35621.0
43760.0,25241.0,34121.0,35423.0
39717.0,24960.0,34128.0,37180.0
35148.0,26232.0,34595.0,38961.0
30965.0,30031.0,34505.0,40629.0
30211.0,34634.0,33668.0,41090.0
29560.0,36913.0,32958.0,38682.0
28561.0,36767.0,32608.0,35316.0
27636.0,35450.0,33806.0,31152.0
26749.0,34428.0,34371.0,26898.0
27732.0,34016.0,33898.0,24370.0
33271.0,33442.0,33272.0,23892.0
40214.0,33139.0,32517.0,23605.0
41733.0,33311.0,31684.0,23248.0
42665.0,34615.0,30077.0,23186.0
42969.0,36129.0,26257.0,24710.0
43362.0,36851.0,23398.0,30627.0
43626.0,37144.0,22477.0,37001.0
43418.0,38404.0,21827.0,37970.0
43401.0,36099.0,21392.0,37285.0
44062.0,32231.0,21034.0,36159.0
47885.0,28148.0,21739.0,35525.0
48759.0,25481.0,25785.0,35256.0
47507.0,25605.0,30614.0,35185.0
45149.0,25555.0,32648.0,35360.0
42048.0,24965.0,32921.0,35935.0
37849.0,24814.0,32700.0,38039.0
33689.0,25963.0,32673.0,39799.0
29590.0,29775.0,32374.0,41669.0
28564.0,34539.0,31619.0,42269.0
28231.0,36794.0,31084.0,39817.0
27273.0,36773.0,31145.0,36296.0
26517.0,35450.0,32573.0,31960.0
25934.0,34236.0,33528.0,27725.0
27470.0,33449.0,33692.0,24942.0
33134.0,32654.0,33436.0,24302.0
40191.0,32332.0,32775.0,24010.0
42212.0,32449.0,32249.0,23585.0
43130.0,33727.0,30792.0,23492.0
43158.0,35252.0,26918.0,25022.0
42748.0,36125.0,23974.0,30587.0
42296.0,36508.0,22940.0,37037.0
41331.0,38082.0,22267.0,38098.0
41417.0,35855.0,21817.0,37427.0
42228.0,31961.0,21438.0,36181.0
46190.0,27940.0,21954.0,35219.0
48133.0,25220.0,25841.0,34565.0
47665.0,25264.0,30831.0,33896.0
45613.0,25103.0,32728.0,33946.0
42104.0,24441.0,32804.0,34384.0
37737.0,24291.0,32171.0,36355.0
33613.0,25490.0,31934.0,38174.0
29861.0,28984.0,31624.0,40088.0
28766.0,33477.0,30764.0,40289.0
28180.0,35834.0,30379.0,37699.0
27237.0,35877.0,30792.0,34472.0
26453.0,34783.0,32268.0,30903.0
25695.0,33999.0,33118.0,27298.0
26864.0,33123.0,32781.0,24581.0
32220.0,32132.0,32214.0,23942.0
39058.0,31594.0,31462.0,23299.0
40765.0,31689.0,31213.0,22563.0
41006.0,32407.0,29670.0,22227.0
40498.0,33801.0,26111.0,22694.0
40286.0,34082.0,23582.0,25116.0
40567.0,34075.0,21948.0,28196.0
40833.0,35125.0,21111.0,31328.0
41321.0,33049.0,20644.0,32810.0
41984.0,29469.0,20146.0,33063.0
45198.0,25991.0,19925.0,32623.0
46232.0,23190.0,21548.0,32166.0
44793.0,22815.0,24180.0,31255.0
41963.0,22438.0,26826.0,30900.0
38795.0,21573.0,28027.0,31031.0
35225.0,20973.0,28014.0,32464.0
31969.0,21341.0,27697.0,34898.0
28706.0,23024.0,26912.0,37073.0
27832.0,25930.0,26025.0,36939.0
26876.0,28750.0,25462.0,34358.0
25375.0,29988.0,25440.0,31796.0
24372.0,29473.0,26474.0,28878.0
23389.0,28377.0,28019.0,25738.0
23619.0,27270.0,28554.0,23276.0
25640.0,25701.0,28238.0,22659.0
28458.0,24593.0,27581.0,22134.0
31554.0,24523.0,27620.0,21288.0
34342.0,25891.0,26698.0,20808.0
35580.0,28726.0,23829.0,21049.0
36092.0,30279.0,21518.0,22464.0
35767.0,31331.0,20240.0,24310.0
35096.0,32781.0,19531.0,27129.0
34842.0,31441.0,18943.0,29300.0
35621.0,28835.0,18446.0,30217.0
39283.0,25756.0,17919.0,30434.0
42629.0,23254.0,18683.0,30515.0
42195.0,22912.0,20719.0,29611.0
39444.0,22583.0,23594.0,29231.0
36763.0,21857.0,26245.0,29906.0
34219.0,21259.0,27838.0,32230.0
31765.0,21319.0,28371.0,34845.0
29064.0,21887.0,28426.0,37449.0
28252.0,23400.0,27733.0,37558.0
27203.0,25310.0,27124.0,35290.0
25775.0,27001.0,26880.0,32660.0
24672.0,27855.0,28037.0,29187.0
23696.0,28169.0,29165.0,25371.0
23601.0,28621.0,29662.0,23079.0
24750.0,28349.0,29620.0,22948.0
26345.0,28253.0,29268.0,22784.0
28893.0,28880.0,29177.0,22322.0
32357.0,30178.0,27977.0,22409.0
34732.0,31764.0,24896.0,24058.0
35703.0,32581.0,22498.0,30057.0
36791.0,33042.0,21620.0,36791.0
37154.0,34602.0,21094.0,38155.0
37355.0,33070.0,20782.0,37562.0
38529.0,29975.0,20728.0,36566.0
41884.0,26284.0,21620.0,35951.0
43631.0,23932.0,26092.0,35616.0
42353.0,24319.0,31835.0,34734.0
40045.0,24514.0,34803.0,34475.0
37519.0,24085.0,36020.0,35073.0
34288.0,24060.0,36447.0,37641.0
30778.0,25508.0,36726.0,39690.0
27001.0,29948.0,36536.0,42132.0
26442.0,35511.0,35836.0,42357.0
26196.0,37439.0,35363.0,39455.0
25379.0,37646.0,35230.0,35697.0
24638.0,37098.0,36208.0,31206.0
24187.0,36630.0,36545.0,26821.0
25789.0,36191.0,36086.0,24223.0
30471.0,35505.0,34960.0,23921.0
38930.0,34980.0,33714.0,23811.0
40662.0,34780.0,32751.0,23400.0
41594.0,36228.0,30502.0,23317.0
42123.0,37302.0,26361.0,24788.0
42498.0,37333.0,23727.0,30688.0
42722.0,37304.0,22803.0,37387.0
42646.0,38368.0,22264.0,38610.0
42688.0,35737.0,21950.0,38108.0
43446.0,31439.0,21967.0,37356.0
47366.0,26972.0,22613.0,36928.0
48977.0,24387.0,26750.0,36813.0
48042.0,24496.0,32284.0,36801.0
45528.0,24173.0,35126.0,37205.0
42325.0,23742.0,36090.0,37791.0
38040.0,23557.0,36128.0,40272.0
33692.0,24933.0,36284.0,42315.0
29557.0,29250.0,36076.0,44070.0
28875.0,34467.0,35242.0,43291.0
28426.0,35999.0,34894.0,40504.0
27673.0,35657.0,34983.0,36806.0
26911.0,34433.0,36363.0,32177.0
26218.0,33490.0,36868.0,27792.0
27521.0,32832.0,36239.0,25074.0
33350.0,32087.0,35159.0,24999.0
40508.0,31892.0,34114.0,24850.0
42019.0,32262.0,33328.0,24351.0
42258.0,34015.0,31200.0,24110.0
42187.0,35463.0,27215.0,25599.0
42621.0,36115.0,24651.0,31419.0
43177.0,36129.0,23530.0,38193.0
43124.0,37450.0,22580.0,39093.0
42911.0,35320.0,22225.0,38207.0
43382.0,31353.0,22055.0,36916.0
46738.0,27064.0,22632.0,36126.0
48199.0,24415.0,26779.0,36164.0
47815.0,24309.0,32329.0,36054.0
46211.0,23949.0,34876.0,36221.0
43370.0,23435.0,35235.0,36859.0
39437.0,23246.0,34714.0,39162.0
35293.0,24670.0,34257.0,41330.0
31090.0,28863.0,33697.0,43706.0
30114.0,34114.0,33024.0,43345.0
29613.0,35495.0,32512.0,40465.0
28845.0,35211.0,32605.0,36766.0
28128.0,34492.0,34050.0,32345.0
27567.0,33965.0,34771.0,27904.0
28756.0,33504.0,34512.0,25235.0
34437.0,33146.0,34049.0,25107.0
41966.0,33017.0,33308.0,25108.0
43625.0,33429.0,32748.0,24682.0
44082.0,35299.0,31081.0,24569.0
43394.0,36590.0,27233.0,25975.0
42875.0,36897.0,24406.0,31813.0
42944.0,36864.0,23228.0,38627.0
43114.0,38213.0,22532.0,39912.0
43469.0,36383.0,22044.0,39856.0
44331.0,32231.0,21835.0,39349.0
47708.0,28050.0,22347.0,38929.0
48719.0,25480.0,26517.0,38769.0
47994.0,25241.0,31708.0,38114.0
45916.0,25173.0,34142.0,37867.0
42866.0,24596.0,34471.0,38320.0
38924.0,24430.0,34031.0,40359.0
34300.0,25678.0,33823.0,42126.0
30273.0,29788.0,33672.0,44341.0
29220.0,35263.0,33211.0,43586.0
28638.0,37042.0,32749.0,40357.0
27730.0,36785.0,32870.0,36721.0
26935.0,35863.0,34143.0,32351.0
26103.0,35358.0,34724.0,28206.0
27371.0,34973.0,34055.0,25481.0
33102.0,34313.0,33301.0,24972.0
40240.0,33934.0,32277.0,24934.0
41906.0,34147.0,31817.0,24278.0
42335.0,35616.0,29839.0,23994.0
42202.0,36774.0,25827.0,25365.0
41924.0,36932.0,23147.0,31000.0
41802.0,36989.0,21968.0,38058.0
41557.0,38102.0,21321.0,39650.0
41442.0,36242.0,20884.0,40081.0
42289.0,32294.0,20835.0,39708.0
45936.0,28050.0,21477.0,39392.0
48373.0,25257.0,25464.0,39065.0
47716.0,25017.0,30659.0,38404.0
45633.0,24754.0,33332.0,37909.0
42762.0,24143.0,33822.0,37736.0
38617.0,23888.0,33424.0,39640.0
34100.0,25247.0,32825.0,41137.0
30223.0,29413.0,31894.0,42583.0
29229.0,34700.0,30791.0,41215.0
28888.0,36445.0,30197.0,38418.0
28250.0,36218.0,29703.0,35147.0
27713.0,35277.0,30330.0,31232.0
27226.0,34791.0,30977.0,27629.0
28668.0,34562.0,30639.0,25082.0
34359.0,33614.0,30058.0,24772.0
41696.0,33113.0,29194.0,24346.0
43541.0,33007.0,29109.0,23589.0
44419.0,34208.0,28063.0,22974.0
44430.0,35501.0,24684.0,23344.0
44251.0,35619.0,22072.0,25688.0
43702.0,35325.0,20686.0,29329.0
42989.0,35992.0,19692.0,32501.0
42674.0,34555.0,19169.0,34417.0
43129.0,31171.0,18730.0,34510.0
46434.0,27516.0,18535.0,34004.0
48577.0,24813.0,20123.0,33434.0
48188.0,24279.0,22598.0,32766.0
46019.0,23757.0,24947.0,32414.0
43005.0,23061.0,26208.0,32636.0
39406.0,22576.0,26105.0,33972.0
35825.0,22889.0,25790.0,36275.0
32454.0,24315.0,25264.0,38776.0
31376.0,27367.0,24634.0,37761.0
30571.0,29559.0,24149.0,35242.0
29590.0,30145.0,24189.0,32710.0
28461.0,29310.0,25570.0,29930.0
27594.0,28467.0,27256.0,26798.0
27701.0,27696.0,28018.0,24510.0
29775.0,26511.0,27987.0,24345.0
32938.0,25597.0,27674.0,23937.0
36511.0,25460.0,27954.0,23114.0
39638.0,26777.0,27160.0,22470.0
40729.0,29143.0,24673.0,22553.0
40615.0,30613.0,22362.0,23905.0
40105.0,31258.0,21076.0,26094.0
39371.0,32652.0,20222.0,28853.0
39215.0,32168.0,19699.0,31642.0
39885.0,29669.0,19372.0,33168.0
42767.0,26569.0,18889.0,33705.0
46426.0,24208.0,19527.0,33874.0
45644.0,23876.0,21018.0,33363.0
42902.0,23541.0,23044.0,33039.0
40245.0,22805.0,24815.0,33766.0
37490.0,22326.0,25830.0,35594.0
34969.0,22155.0,26095.0,37619.0
32184.0,22605.0,25832.0,40074.0
31347.0,24524.0,24722.0,38654.0
30528.0,26742.0,23833.0,36169.0
29379.0,28718.0,23924.0,33407.0
28392.0,29889.0,25206.0,29874.0
27292.0,30375.0,26921.0,25933.0
27002.0,30639.0,28186.0,23692.0
28040.0,29930.0,28954.0,23912.0
29515.0,29338.0,28846.0,23955.0
32498.0,29341.0,29185.0,23397.0
36174.0,30603.0,28342.0,23237.0
38256.0,32201.0,25040.0,24913.0
39118.0,33041.0,22514.0,30945.0
39642.0,33695.0,21546.0,37924.0
39351.0,35080.0,20986.0,39673.0
39378.0,33746.0,20715.0,40099.0
40236.0,30446.0,20726.0,39731.0
43639.0,26411.0,21310.0,39479.0
47063.0,23965.0,25342.0,39040.0
45962.0,24157.0,30428.0,38307.0
43731.0,24304.0,33481.0,38135.0
41291.0,23874.0,34401.0,38341.0
38207.0,23819.0,34232.0,40418.0
34450.0,25228.0,34336.0,42924.0
30549.0,30093.0,34705.0,45090.0
30034.0,35939.0,34468.0,43780.0
29847.0,37010.0,34097.0,40775.0
29083.0,36580.0,34223.0,36915.0
28635.0,35626.0,35005.0,32440.0
28317.0,35084.0,35380.0,27939.0
29994.0,34068.0,34588.0,25255.0
36328.0,33205.0,33437.0,25413.0
43921.0,32712.0,32024.0,25224.0
45891.0,32836.0,31322.0,24647.0
46904.0,34523.0,29216.0,24357.0
46789.0,36149.0,25107.0,25823.0
46500.0,36545.0,22343.0,31444.0
46475.0,36633.0,21315.0,38508.0
46192.0,37752.0,20601.0,39673.0
46251.0,36546.0,20275.0,38980.0
46954.0,32273.0,20340.0,37858.0
49754.0,27867.0,20978.0,36854.0
51568.0,25219.0,24931.0,36252.0
50538.0,25040.0,29426.0,35580.0
49225.0,24921.0,31891.0,35709.0
46479.0,24497.0,32334.0,36501.0
42323.0,24320.0,32253.0,38995.0
37922.0,25563.0,32404.0,41429.0
33650.0,30129.0,32483.0,44380.0
32858.0,35620.0,32045.0,43172.0
32506.0,36273.0,31837.0,40059.0
31768.0,35260.0,32187.0,36293.0
31144.0,33855.0,33229.0,31540.0
30586.0,33182.0,34117.0,26877.0
31904.0,32775.0,33823.0,24132.0
37848.0,32115.0,33353.0,24018.0
45103.0,31712.0,32705.0,23640.0
46706.0,31896.0,32480.0,22835.0
47552.0,33757.0,30589.0,22520.0
47443.0,35251.0,26605.0,23945.0
47113.0,35759.0,23836.0,29531.0
46813.0,35920.0,22816.0,36782.0
46418.0,37086.0,22095.0,38633.0
46308.0,36027.0,21811.0,39194.0
46991.0,31950.0,21857.0,39768.0
49696.0,27576.0,22503.0,39749.0
51154.0,24869.0,26341.0,39267.0
50853.0,24755.0,30779.0,38591.0
49460.0,24522.0,33477.0,38027.0
46441.0,24063.0,34357.0,38242.0
42150.0,23955.0,34485.0,40259.0
37548.0,25156.0,34656.0,42162.0
33054.0,29747.0,34402.0,43696.0
32160.0,35321.0,34005.0,42055.0
31895.0,35957.0,33636.0,39203.0
31141.0,35053.0,33491.0,35444.0
30404.0,34024.0,34067.0,30892.0
29918.0,33653.0,34573.0,26184.0
31187.0,33359.0,34035.0,23382.0
37033.0,32785.0,33288.0,23264.0
44375.0,32611.0,32248.0,22917.0
46230.0,32997.0,31967.0,22195.0
47394.0,34832.0,30216.0,21779.0
47945.0,36014.0,26373.0,23266.0
48128.0,36266.0,23437.0,28854.0
48274.0,36113.0,22314.0,35738.0
48111.0,36903.0,21566.0,37154.0
47985.0,36027.0,21277.0,37104.0
48251.0,32057.0,21148.0,36531.0
50492.0,27770.0,21506.0,36403.0
51555.0,25101.0,25219.0,36079.0
50997.0,24970.0,29601.0,35559.0
49739.0,24767.0,32366.0,35338.0
46705.0,24245.0,33204.0,35463.0
42575.0,24147.0,32971.0,37481.0
38019.0,25230.0,32816.0,39820.0
33610.0,29899.0,32900.0,43100.0
32854.0,36127.0,32604.0,42240.0
32523.0,37503.0,32290.0,39634.0
31865.0,37277.0,32189.0,36463.0
31205.0,36327.0,33200.0,32244.0
30597.0,34771.0,34086.0,28016.0
31795.0,33450.0,34233.0,25439.0
37653.0,32419.0,33585.0,25295.0
44641.0,31962.0,32688.0,25289.0
46129.0,32032.0,32361.0,24528.0
47065.0,33790.0,30425.0,24209.0
46938.0,35343.0,26541.0,25541.0
46747.0,35903.0,23825.0,30908.0
46384.0,35951.0,22655.0,37559.0
46026.0,36820.0,21918.0,39424.0
46175.0,35839.0,21582.0,39637.0
46617.0,31873.0,21684.0,39222.0
48916.0,27582.0,22203.0,38730.0
51122.0,24836.0,25841.0,38270.0
50879.0,24619.0,30667.0,37271.0
49527.0,24329.0,34210.0,36806.0
46562.0,23767.0,35680.0,36779.0
42604.0,23694.0,36041.0,38405.0
37899.0,24758.0,36429.0,40598.0
33745.0,29136.0,36475.0,42303.0
32871.0,34740.0,35792.0,40244.0
32422.0,36192.0,35184.0,37064.0
31625.0,35876.0,34940.0,33746.0
30946.0,35247.0,35357.0,30110.0
30210.0,34797.0,35941.0,26443.0
31480.0,34513.0,35298.0,23758.0
37041.0,33452.0,33798.0,23366.0
44164.0,33062.0,32281.0,22908.0
45988.0,32854.0,31129.0,21948.0
46635.0,34065.0,28787.0,21319.0
45902.0,35193.0,25328.0,21655.0
45127.0,35258.0,22631.0,24048.0
44710.0,34932.0,21242.0,27631.0
44221.0,35055.0,20233.0,30929.0
44202.0,33470.0,19678.0,33239.0
44471.0,29881.0,19407.0,34147.0
47401.0,26078.0,19086.0,34196.0
49830.0,23373.0,20768.0,34136.0
48594.0,22878.0,23433.0,33319.0
46157.0,22256.0,26060.0,32200.0
42743.0,21528.0,27492.0,31938.0
38955.0,21161.0,27560.0,33211.0
34968.0,21270.0,27366.0,35967.0
31549.0,22879.0,27003.0,38925.0
30696.0,26168.0,26059.0,37259.0
29961.0,29097.0,25469.0,34804.0
28870.0,30621.0,25180.0,32239.0
28035.0,30734.0,26266.0,29761.0
26936.0,30280.0,28019.0,26505.0
27042.0,29593.0,28815.0,24141.0
29283.0,28249.0,28769.0,23971.0
32386.0,27722.0,28377.0,23314.0
35816.0,27796.0,28671.0,22570.0
38372.0,29115.0,27622.0,22085.0
38638.0,31409.0,24832.0,21903.0
38215.0,32445.0,22520.0,22685.0
37477.0,32469.0,21268.0,24522.0
36806.0,32521.0,20301.0,26776.0
36858.0,31773.0,19746.0,29711.0
37758.0,29308.0,19324.0,31371.0
40830.0,26206.0,18644.0,31393.0
45798.0,23727.0,19360.0,31209.0
45132.0,23383.0,21124.0,31352.0
42398.0,22919.0,23724.0,31240.0
39748.0,22143.0,26363.0,31610.0
36911.0,21655.0,28364.0,33123.0
34146.0,21339.0,29684.0,36634.0
31471.0,22024.0,30423.0,40943.0
30812.0,24333.0,29593.0,40086.0
29939.0,27130.0,28870.0,37545.0
28656.0,29394.0,28886.0,35044.0
27582.0,30455.0,29523.0,32279.0
26463.0,30830.0,30325.0,28978.0
26316.0,30859.0,30094.0,25836.0
27295.0,29787.0,29576.0,24786.0
28799.0,28860.0,29185.0,24107.0
31507.0,28781.0,29145.0,23145.0
35174.0,29720.0,27002.0,22603.0
37348.0,30971.0,23388.0,22554.0
38383.0,31650.0,21014.0,24381.0
39002.0,32214.0,20103.0,29771.0
38666.0,33230.0,19583.0,34650.0
38538.0,32864.0,19233.0,37380.0
39177.0,29585.0,19306.0,37946.0
41760.0,25536.0,20178.0,37187.0
44654.0,23132.0,23985.0,36916.0
43836.0,23199.0,28679.0,36757.0
41697.0,23239.0,31870.0,36470.0
39215.0,22936.0,33170.0,36824.0
36111.0,23017.0,33444.0,38020.0
32454.0,24278.0,33658.0,41104.0
28882.0,29394.0,33648.0,45333.0
28375.0,35256.0,33019.0,44628.0
28189.0,36088.0,32617.0,42268.0
27279.0,35551.0,32771.0,39196.0
26524.0,34738.0,33814.0,35609.0
26068.0,34516.0,34929.0,31534.0
27341.0,34388.0,34846.0,27927.0
33320.0,34039.0,33953.0,26810.0
40706.0,34093.0,32808.0,25992.0
42368.0,34412.0,32113.0,24814.0
42815.0,36306.0,29028.0,24078.0
42467.0,37612.0,25039.0,23896.0
42427.0,37545.0,22461.0,25569.0
42591.0,37140.0,21421.0,30520.0
42552.0,37110.0,20808.0,35270.0
42726.0,35780.0,20454.0,38273.0
43405.0,31184.0,20453.0,39138.0
46681.0,26698.0,21067.0,38650.0
50113.0,24193.0,24573.0,38140.0
49240.0,24123.0,29109.0,38105.0
46865.0,23858.0,32218.0,37952.0
43869.0,23297.0,33341.0,38217.0
39907.0,23102.0,33402.0,39162.0
35533.0,24262.0,33542.0,42038.0
31470.0,29198.0,33373.0,45596.0
30721.0,34553.0,32744.0,44811.0
30498.0,34939.0,32134.0,42397.0
29735.0,34394.0,31974.0,39479.0
28963.0,33863.0,33002.0,35981.0
28236.0,33688.0,33902.0,32058.0
29621.0,33547.0,33822.0,28329.0
35456.0,32705.0,33221.0,27017.0
42480.0,32450.0,32459.0,26073.0
43950.0,32422.0,32376.0,24994.0
44442.0,34367.0,29856.0,24228.0
44238.0,35995.0,25726.0,24347.0
43859.0,36332.0,22864.0,26017.0
43854.0,36565.0,21824.0,30867.0
43634.0,37289.0,21186.0,35815.0
43709.0,36243.0,20861.0,38708.0
44325.0,31824.0,20847.0,39471.0
47271.0,27175.0,21480.0,39140.0
50320.0,24301.0,25044.0,39038.0
49192.0,24128.0,29278.0,38770.0
46859.0,23856.0,31782.0,38213.0
43638.0,23188.0,32347.0,38005.0
39361.0,23043.0,32386.0,38716.0
34764.0,24137.0,32912.0,41316.0
30452.0,29024.0,32934.0,45496.0
29438.0,35252.0,32155.0,44764.0
28922.0,36698.0,31678.0,42286.0
27910.0,37033.0,31711.0,39092.0
27001.0,36463.0,32735.0,35465.0
26104.0,35965.0,33922.0,31485.0
27270.0,35354.0,34018.0,27711.0
33021.0,34298.0,33336.0,26150.0
39991.0,33482.0,32648.0,24918.0
41812.0,33247.0,32427.0,23587.0
42514.0,34751.0,29959.0,22688.0
42950.0,35895.0,26007.0,22559.0
42985.0,36139.0,23204.0,24015.0
42808.0,36254.0,22109.0,28595.0
42112.0,36661.0,21342.0,33022.0
41995.0,35935.0,20945.0,36020.0
42611.0,31981.0,20989.0,37613.0
45532.0,27516.0,21553.0,37954.0
49214.0,24594.0,25125.0,38325.0
48631.0,24437.0,29470.0,38768.0
46509.0,24354.0,31992.0,38715.0
43626.0,23645.0,32667.0,38818.0
39376.0,23449.0,32632.0,39539.0
34985.0,24505.0,32738.0,42440.0
30880.0,29350.0,32396.0,45993.0
30000.0,35042.0,31831.0,45338.0
29698.0,35786.0,31407.0,43017.0
28918.0,35743.0,31238.0,40130.0
28188.0,35651.0,32080.0,36381.0
27585.0,35784.0,32949.0,32424.0
28995.0,35504.0,33175.0,28916.0
35055.0,34866.0,32856.0,27443.0
42005.0,34214.0,32152.0,26340.0
43632.0,34246.0,32374.0,25016.0
44494.0,35710.0,30019.0,24123.0
44514.0,36281.0,26007.0,23870.0
44504.0,36578.0,23209.0,25289.0
44822.0,36493.0,22089.0,29857.0
44955.0,36888.0,21406.0,34422.0
44945.0,36548.0,21026.0,37809.0
45709.0,32546.0,21020.0,39135.0
48325.0,28163.0,21531.0,39114.0
50732.0,25263.0,25073.0,38961.0
50331.0,25180.0,29194.0,38470.0
48558.0,25122.0,31361.0,37778.0
45607.0,24495.0,31699.0,37566.0
41291.0,24287.0,31258.0,37948.0
36774.0,25042.0,31157.0,40245.0
32843.0,29557.0,30990.0,43325.0
31969.0,35422.0,30172.0,42229.0
31514.0,36848.0,29524.0,39672.0
30861.0,36474.0,29387.0,36783.0
30013.0,35815.0,30075.0,33584.0
29305.0,35452.0,31283.0,30309.0
30457.0,35061.0,31574.0,27306.0
35991.0,34183.0,31364.0,25860.0
42800.0,33772.0,30570.0,24397.0
44531.0,33741.0,30613.0,22839.0
45177.0,35073.0,28263.0,21929.0
45037.0,36059.0,24927.0,21669.0
44552.0,36036.0,22286.0,22392.0
43844.0,35717.0,21084.0,24630.0
42969.0,35613.0,20389.0,27157.0
42744.0,34956.0,19974.0,30609.0
42826.0,31675.0,19663.0,32656.0
45121.0,28051.0,19419.0,32872.0
48967.0,25188.0,20860.0,32455.0
48342.0,24835.0,23469.0,32010.0
45942.0,24478.0,26198.0,31355.0
42888.0,23826.0,27627.0,31304.0
39234.0,23236.0,27333.0,32598.0
35524.0,22812.0,26893.0,35762.0
32073.0,24342.0,26453.0,39685.0
31286.0,27579.0,25788.0,38512.0
30557.0,30506.0,25224.0,36253.0
29494.0,32246.0,25129.0,34305.0
28380.0,32272.0,26035.0,32204.0
27320.0,31684.0,27685.0,29659.0
27431.0,31140.0,28457.0,27434.0
29518.0,30014.0,28206.0,26341.0
32445.0,29386.0,27991.0,25028.0
36203.0,29568.0,28499.0,23628.0
39299.0,30651.0,27129.0,22693.0
40144.0,32468.0,24434.0,22286.0
39992.0,32834.0,22128.0,22483.0
39535.0,32592.0,20984.0,23791.0
38869.0,32314.0,20139.0,25267.0
38381.0,31547.0,19646.0,27851.0
38358.0,28776.0,19453.0,30255.0
40032.0,25551.0,18944.0,31490.0
44291.0,23102.0,19594.0,31901.0
44082.0,22618.0,21229.0,32132.0
41216.0,22235.0,23549.0,31824.0
38733.0,21589.0,25333.0,32183.0
35787.0,21080.0,25927.0,33798.0
32923.0,20568.0,26062.0,37801.0
30101.0,21146.0,25949.0,41910.0
29436.0,23293.0,24965.0,40768.0
28629.0,26207.0,24303.0,38403.0
27427.0,28909.0,24274.0,36112.0
26559.0,30396.0,25412.0,33171.0
25634.0,30676.0,27155.0,29789.0
25463.0,30406.0,27982.0,26580.0
26559.0,29291.0,28441.0,25473.0
28176.0,28397.0,28369.0,24684.0
31341.0,28203.0,28838.0,23748.0
35070.0,29048.0,26633.0,23173.0
37226.0,30079.0,23016.0,23144.0
38242.0,30241.0,20588.0,24931.0
38887.0,30307.0,19723.0,30751.0
38495.0,30723.0,19046.0,36667.0
38407.0,30529.0,18694.0,38779.0
39167.0,28303.0,18849.0,39411.0
41719.0,24839.0,19520.0,39564.0
45954.0,22291.0,23186.0,39677.0
45712.0,22010.0,27880.0,39591.0
43940.0,21740.0,31146.0,39326.0
41444.0,21142.0,32210.0,39420.0
38404.0,20633.0,32112.0,40155.0
34817.0,20567.0,31964.0,43960.0
31193.0,22198.0,31815.0,47562.0
30864.0,24341.0,31241.0,46418.0
30854.0,26362.0,30956.0,44244.0
30282.0,27929.0,31026.0,41018.0
29771.0,28339.0,31943.0,37093.0
29261.0,27921.0,33004.0,32729.0
30642.0,27649.0,32939.0,28698.0
36759.0,27193.0,32096.0,27392.0
43946.0,27273.0,31350.0,26440.0
45907.0,28395.0,31426.0,25334.0
47165.0,30751.0,28651.0,24572.0
47422.0,33107.0,24610.0,24451.0
47418.0,33884.0,21827.0,26125.0
47269.0,33581.0,20670.0,31923.0
46785.0,33296.0,19879.0,37978.0
46651.0,32819.0,19429.0,39729.0
46810.0,29410.0,19374.0,40442.0
48469.0,25584.0,19899.0,40492.0
51116.0,23247.0,23197.0,40766.0
51299.0,23126.0,27401.0,41213.0
50127.0,22783.0,29961.0,40999.0
47068.0,22196.0,30563.0,40910.0
42877.0,21848.0,30275.0,41412.0
38194.0,22668.0,30638.0,44983.0
33806.0,27453.0,30861.0,47375.0
33130.0,33886.0,30526.0,46426.0
32766.0,35649.0,30296.0,44365.0
32112.0,35679.0,30317.0,41264.0
31550.0,34926.0,31361.0,37455.0
31062.0,34353.0,32509.0,33009.0
32315.0,33826.0,32362.0,28896.0
38050.0,32871.0,31646.0,27558.0
44866.0,32551.0,31508.0,26576.0
46369.0,32660.0,31506.0,25415.0
47419.0,34199.0,28599.0,24715.0
47079.0,35379.0,24741.0,24597.0
46449.0,35424.0,22243.0,26286.0
45806.0,34969.0,21254.0,32012.0
45066.0,34718.0,20677.0,38127.0
45089.0,34033.0,20399.0,39715.0
45491.0,30175.0,20465.0,40431.0
47714.0,25761.0,21304.0,40411.0
50553.0,22994.0,24777.0,40627.0
50283.0,22787.0,29021.0,40790.0
49412.0,22515.0,31684.0,40638.0
46750.0,22181.0,32905.0,40405.0
42441.0,22156.0,32911.0,40882.0
37721.0,22864.0,32858.0,44093.0
33453.0,27524.0,32757.0,46567.0
32513.0,33144.0,32462.0,45567.0
32157.0,34506.0,32639.0,43520.0
31470.0,35025.0,33101.0,40696.0
30957.0,35373.0,33970.0,36948.0
30421.0,35517.0,34881.0,32739.0
31809.0,35423.0,34980.0,28614.0
37605.0,35019.0,33782.0,27166.0
44324.0,34661.0,32728.0,26142.0
45470.0,34794.0,32081.0,24949.0
46248.0,36244.0,28897.0,24269.0
45597.0,36896.0,25079.0,23986.0
44981.0,36637.0,22605.0,25717.0
44756.0,36086.0,21725.0,31187.0
44402.0,35786.0,21053.0,37085.0
44778.0,35023.0,20667.0,38724.0
45366.0,31275.0,20824.0,39530.0
47596.0,26895.0,21480.0,39725.0
50255.0,24303.0,24772.0,40135.0
50516.0,24202.0,29189.0,40467.0
49465.0,24151.0,32274.0,40306.0
46554.0,23755.0,33155.0,40141.0
42234.0,23782.0,33237.0,40674.0
37567.0,24651.0,33285.0,44015.0
33292.0,29463.0,32739.0,45908.0
32382.0,34977.0,31841.0,44378.0
32129.0,36039.0,31011.0,42153.0
31540.0,35978.0,30799.0,39595.0
30908.0,35702.0,31614.0,36304.0
30314.0,35481.0,32680.0,32430.0
31488.0,35197.0,32921.0,28540.0
37268.0,34397.0,32669.0,26955.0
44120.0,33842.0,32120.0,25839.0
45948.0,33973.0,32646.0,24525.0
46898.0,35480.0,29839.0,23597.0
47059.0,36444.0,25927.0,23377.0
46890.0,36455.0,23286.0,24737.0
46955.0,36340.0,22158.0,30028.0
46531.0,36345.0,21467.0,35920.0
46126.0,36351.0,21113.0,37835.0
46434.0,32987.0,21109.0,38836.0
48332.0,28979.0,21886.0,39030.0
50934.0,26145.0,25124.0,39088.0
50662.0,25743.0,29428.0,38889.0
49520.0,25392.0,32170.0,38322.0
46572.0,24737.0,32818.0,37847.0
42322.0,24414.0,32501.0,37964.0
37781.0,25040.0,32480.0,40999.0
33613.0,29635.0,32377.0,43412.0
32936.0,35251.0,31701.0,42093.0
32570.0,36769.0,31445.0,39670.0
31824.0,36548.0,31478.0,36972.0
31118.0,36015.0,32168.0,33980.0
30552.0,35972.0,32995.0,30858.0
31787.0,35853.0,32925.0,27846.0
37543.0,35415.0,32177.0,26348.0
44045.0,35486.0,31627.0,24823.0
45392.0,35601.0,31676.0,23235.0
45881.0,37055.0,29207.0,22222.0
45368.0,38013.0,25896.0,21833.0
44549.0,37480.0,23241.0,22336.0
43990.0,36446.0,21968.0,24535.0
43073.0,35333.0,21139.0,27243.0
42593.0,33735.0,20620.0,30973.0
42937.0,30052.0,20380.0,33699.0
45385.0,26243.0,20462.0,34664.0
49595.0,23712.0,21796.0,34647.0
49912.0,23173.0,24252.0,34129.0
47508.0,22636.0,26658.0,32855.0
44323.0,21869.0,27667.0,31987.0
40709.0,21290.0,27294.0,32363.0
37118.0,20972.0,26737.0,35499.0
33588.0,22792.0,26306.0,39314.0
32931.0,25896.0,25415.0,37973.0
32311.0,29071.0,24576.0,35496.0
31215.0,30458.0,24514.0,33812.0
30465.0,30528.0,25532.0,31604.0
29576.0,30443.0,27203.0,29453.0
29636.0,30032.0,28156.0,26883.0
31477.0,28902.0,28197.0,25667.0
34183.0,28227.0,28011.0,24242.0
37805.0,28061.0,28761.0,22775.0
40863.0,28941.0,26794.0,21639.0
41550.0,30830.0,24047.0,21063.0
41447.0,31528.0,21591.0,21281.0
41075.0,31547.0,20443.0,22453.0
40357.0,31565.0,19692.0,23734.0
39960.0,31842.0,19110.0,26550.0
40010.0,29760.0,18883.0,29774.0
41500.0,26819.0,18704.0,31764.0
45412.0,24220.0,19126.0,32731.0
45342.0,23393.0,20699.0,33774.0
43065.0,22820.0,22977.0,33701.0
40146.0,21865.0,24876.0,33505.0
37291.0,21272.0,25793.0,34120.0
34461.0,20523.0,26286.0,37328.0
31759.0,21283.0,26665.0,39194.0
31197.0,23265.0,26298.0,37914.0
30390.0,25669.0,25895.0,36103.0
29273.0,27820.0,26178.0,34138.0
28299.0,28699.0,27200.0,31399.0
27401.0,28893.0,28630.0,28332.0
27199.0,28856.0,29166.0,25212.0
28384.0,27893.0,29288.0,23967.0
29975.0,27117.0,29431.0,23113.0
32721.0,27189.0,30102.0,21788.0
35764.0,28507.0,27772.0,20865.0
37128.0,29962.0,24475.0,20617.0
37446.0,30468.0,21988.0,22278.0
37615.0,30581.0,21096.0,28125.0
36975.0,30759.0,20421.0,34293.0
36583.0,30845.0,20243.0,36170.0
37328.0,28032.0,20437.0,37038.0
39780.0,24166.0,21465.0,37064.0
44450.0,21698.0,24996.0,37662.0
45178.0,21622.0,29649.0,38030.0
43333.0,21465.0,32834.0,38116.0
40558.0,21082.0,34203.0,38102.0
37458.0,20979.0,34237.0,38688.0
33721.0,21820.0,34299.0,42819.0
30210.0,26778.0,34404.0,44758.0
29750.0,32835.0,33409.0,43627.0
29705.0,34381.0,32485.0,41139.0
28982.0,34234.0,32109.0,38051.0
28211.0,33394.0,32798.0,34096.0
27579.0,32596.0,33534.0,29854.0
29130.0,31968.0,33592.0,25872.0
35252.0,31172.0,32957.0,24424.0
41966.0,30616.0,32470.0,23430.0
43501.0,30752.0,32608.0,22108.0
44511.0,32368.0,29589.0,21385.0
44102.0,33520.0,25794.0,21315.0
43480.0,33786.0,23234.0,23104.0
42841.0,33552.0,22244.0,28738.0
42126.0,33226.0,21536.0,34766.0
42072.0,33006.0,21204.0,36496.0
42584.0,29657.0,21348.0,37192.0
45215.0,25316.0,22310.0,37219.0
49276.0,22794.0,25659.0,37260.0
49908.0,22475.0,30213.0,37383.0
48006.0,22262.0,33252.0,37238.0
44993.0,21881.0,33987.0,37216.0
40810.0,21687.0,33815.0,38068.0
36430.0,22351.0,33909.0,41947.0
32232.0,26982.0,33959.0,44214.0
31638.0,32784.0,33405.0,43296.0
31482.0,34285.0,33354.0,41319.0
30699.0,33544.0,33595.0,38390.0
29901.0,32321.0,34427.0,34891.0
29272.0,32211.0,35148.0,30621.0
30759.0,32034.0,35099.0,26982.0
36648.0,31074.0,34485.0,25553.0
43092.0,30562.0,33842.0,24267.0
44778.0,30608.0,33735.0,23154.0
45938.0,32309.0,30614.0,22657.0
46169.0,33494.0,26546.0,22559.0
46116.0,33858.0,23974.0,24011.0
46114.0,33884.0,22927.0,29639.0
45825.0,33551.0,22211.0,35552.0
45551.0,33728.0,21896.0,37030.0
45824.0,30432.0,21974.0,37171.0
47616.0,26158.0,22895.0,36648.0
49930.0,23644.0,26060.0,36785.0
49936.0,23462.0,30643.0,37158.0
48413.0,23312.0,33373.0,37419.0
45344.0,23023.0,33945.0,37600.0
41211.0,22922.0,33335.0,38118.0
36675.0,23628.0,33081.0,42162.0
32454.0,28324.0,33252.0,44261.0
31677.0,33804.0,33012.0,43384.0
31323.0,34748.0,32715.0,41463.0
30522.0,34413.0,32718.0,38695.0
29777.0,33941.0,33459.0,34983.0
29244.0,33869.0,34293.0,30655.0
30478.0,33517.0,34240.0,26657.0
36246.0,32920.0,33753.0,25282.0
42993.0,32708.0,33377.0,24398.0
44888.0,32975.0,33481.0,23448.0
46119.0,34245.0,30377.0,22651.0
46646.0,35044.0,26396.0,22540.0
46787.0,35436.0,23633.0,24491.0
46830.0,35187.0,22601.0,30252.0
46566.0,34732.0,21741.0,36118.0
46371.0,34752.0,21478.0,37035.0
46528.0,31456.0,21545.0,37027.0
48544.0,27068.0,22340.0,36458.0
50837.0,24561.0,25812.0,36243.0
50416.0,23900.0,30532.0,36294.0
48452.0,23376.0,33755.0,36440.0
45489.0,22758.0,35050.0,36925.0
41414.0,22468.0,35520.0,38001.0
36903.0,23098.0,36111.0,41967.0
32798.0,27644.0,36297.0,43796.0
32184.0,33630.0,35959.0,42649.0
31793.0,35790.0,35252.0,40658.0
30931.0,36901.0,34851.0,37909.0
30124.0,37252.0,35442.0,34058.0
29415.0,37650.0,36002.0,30000.0
30665.0,37564.0,35960.0,26166.0
36383.0,36986.0,35517.0,24715.0
42768.0,36614.0,34989.0,23740.0
44769.0,36806.0,33631.0,22647.0
45911.0,38352.0,30308.0,21771.0
46051.0,39118.0,26708.0,21661.0
45960.0,38650.0,24117.0,23253.0
45966.0,37912.0,22950.0,29086.0
45650.0,37076.0,22252.0,35303.0
45583.0,35913.0,21913.0,36851.0
45690.0,32172.0,22007.0,37215.0
47480.0,27861.0,23080.0,36818.0
49854.0,25075.0,26507.0,36203.0
50139.0,24764.0,31407.0,35757.0
48097.0,24515.0,35124.0,35591.0
44921.0,24028.0,36581.0,36015.0
40873.0,23774.0,36930.0,37218.0
36226.0,24445.0,36825.0,41413.0
32486.0,29119.0,36775.0,43672.0
31502.0,34599.0,35810.0,42521.0
30533.0,35641.0,35076.0,40234.0
29622.0,35467.0,34710.0,37138.0
28533.0,35056.0,35130.0,33812.0
27880.0,34726.0,35704.0,30214.0
28791.0,34014.0,35069.0,26974.0
34141.0,32642.0,34136.0,25756.0
40559.0,31759.0,33364.0,24431.0
42651.0,31507.0,32288.0,23063.0
43907.0,32940.0,29386.0,22234.0
43924.0,34143.0,26020.0,21713.0
44175.0,34299.0,23430.0,22388.0
44076.0,33788.0,22006.0,25029.0
43512.0,33208.0,21001.0,27976.0
43296.0,32725.0,20419.0,31736.0
43362.0,29729.0,20266.0,34517.0
44690.0,26026.0,20436.0,35438.0
47342.0,23224.0,21704.0,35779.0
47548.0,22482.0,24181.0,36350.0
45243.0,21931.0,26675.0,36585.0
42186.0,21211.0,27785.0,36603.0
38723.0,20786.0,27740.0,37024.0
35330.0,20482.0,27546.0,39973.0
32111.0,22305.0,27340.0,41598.0
31281.0,24963.0,26640.0,40502.0
30523.0,27316.0,25979.0,37579.0
29268.0,28275.0,25820.0,34957.0
28172.0,27937.0,26776.0,31990.0
27304.0,27151.0,28425.0,29180.0
27306.0,26373.0,29187.0,26522.0
29437.0,25070.0,29149.0,25341.0
32029.0,24091.0,29257.0,23961.0
35599.0,23929.0,29772.0,22353.0
38399.0,25201.0,27831.0,21097.0
39021.0,27479.0,25009.0,20302.0
39009.0,28625.0,22683.0,20374.0
38820.0,29020.0,21482.0,21890.0
38083.0,29019.0,20593.0,23592.0
37690.0,29862.0,20085.0,26585.0
37657.0,28307.0,19907.0,29946.0
38983.0,25327.0,19808.0,31814.0
43053.0,22700.0,20269.0,32887.0
43916.0,21910.0,21828.0,33456.0
41795.0,21267.0,24081.0,33106.0
38945.0,20487.0,25955.0,32985.0
35994.0,19931.0,26866.0,34162.0
33319.0,19091.0,27287.0,38042.0
30942.0,19956.0,27934.0,39836.0
30299.0,21505.0,27680.0,38292.0
29460.0,23536.0,27366.0,35832.0
28149.0,25373.0,27706.0,33381.0
26937.0,26749.0,28659.0,30340.0
25973.0,27455.0,29821.0,27359.0
25922.0,27693.0,30363.0,23978.0
27042.0,27056.0,30290.0,22766.0
28124.0,26685.0,30398.0,22109.0
30725.0,26967.0,30673.0,20855.0
33820.0,28413.0,28210.0,20163.0
35784.0,29949.0,24740.0,20139.0
36386.0,30954.0,22365.0,22113.0
37036.0,31223.0,21445.0,28091.0
36397.0,31023.0,20929.0,34490.0
36106.0,31125.0,20615.0,36758.0
36532.0,28477.0,20716.0,37329.0
38101.0,24444.0,21806.0,36992.0
42038.0,21901.0,25261.0,36898.0
42839.0,21648.0,29889.0,37271.0
41082.0,21568.0,32640.0,37285.0
38541.0,21224.0,32926.0,37645.0
35619.0,21077.0,32223.0,38969.0
32558.0,22099.0,32353.0,43741.0
29246.0,27503.0,33051.0,45682.0
28778.0,34203.0,32914.0,44495.0
28653.0,36771.0,32762.0,42321.0
27716.0,37630.0,32898.0,39514.0
26943.0,37856.0,33921.0,35636.0
26521.0,37865.0,34892.0,31564.0
27919.0,36814.0,34828.0,27605.0
33087.0,34667.0,34213.0,26383.0
38113.0,33353.0,34182.0,25580.0
41763.0,32558.0,33699.0,24416.0
43618.0,33533.0,30180.0,23507.0
43976.0,34709.0,26117.0,23197.0
44377.0,34847.0,23424.0,24814.0
44397.0,34577.0,22252.0,30623.0
43852.0,33726.0,21538.0,37170.0
43591.0,33609.0,21232.0,38577.0
43681.0,30690.0,21423.0,39323.0
44638.0,26441.0,22429.0,39484.0
47564.0,23895.0,25829.0,39902.0
48678.0,23618.0,30580.0,40351.0
46787.0,23295.0,33598.0,40410.0
43715.0,22945.0,34376.0,39938.0
39861.0,22498.0,34317.0,40192.0
35597.0,23080.0,34520.0,43820.0
31456.0,27925.0,34578.0,45566.0
30750.0,33042.0,34148.0,44575.0
30496.0,34536.0,33844.0,42417.0
29675.0,34881.0,33935.0,39312.0
28986.0,34621.0,34828.0,35581.0
28306.0,34472.0,35684.0,31097.0
29466.0,33952.0,35499.0,26869.0
34432.0,33472.0,34969.0,25412.0
39064.0,33675.0,34690.0,24657.0
41627.0,33661.0,33606.0,23867.0
42416.0,35402.0,30129.0,23317.0
41437.0,36590.0,26203.0,23147.0
40586.0,36447.0,23633.0,24757.0
40038.0,35872.0,22606.0,30544.0
39590.0,35121.0,21941.0,36524.0
39745.0,34528.0,21752.0,37438.0
40559.0,31435.0,21842.0,37295.0
42312.0,26954.0,22943.0,36935.0
46209.0,24198.0,26147.0,37602.0
48338.0,23883.0,30667.0,38341.0
46237.0,23709.0,33133.0,38146.0
43384.0,23288.0,33686.0,37978.0
39452.0,22931.0,33870.0,38804.0
35020.0,23643.0,34094.0,42751.0
31075.0,28360.0,34250.0,44649.0
30234.0,33679.0,33932.0,43679.0
29833.0,34609.0,33960.0,41727.0
28954.0,34772.0,34323.0,38504.0
28192.0,35152.0,35399.0,34830.0
27455.0,35288.0,36226.0,30500.0
28779.0,35053.0,36064.0,26376.0
33677.0,34112.0,35292.0,25055.0
38248.0,33440.0,35098.0,24242.0
40801.0,33446.0,33460.0,23122.0
41697.0,34712.0,30032.0,22391.0
41064.0,35674.0,26255.0,22161.0
40324.0,35606.0,23689.0,23974.0
40109.0,35387.0,22784.0,30022.0
39618.0,34811.0,22185.0,36909.0
39596.0,34613.0,21987.0,38873.0
40197.0,31800.0,22009.0,39497.0
41982.0,27344.0,23253.0,39728.0
45369.0,24557.0,26680.0,40085.0
46880.0,24096.0,31579.0,40375.0
44785.0,23779.0,34676.0,40458.0
41624.0,23341.0,35449.0,40289.0
37928.0,23088.0,35297.0,41044.0
33858.0,23825.0,35120.0,44960.0
30123.0,28322.0,34999.0,46381.0
29278.0,33664.0,34582.0,44976.0
28738.0,34564.0,34143.0,43101.0
27594.0,34129.0,34180.0,40279.0
26718.0,33478.0,35068.0,36371.0
26331.0,33318.0,35825.0,32164.0
27634.0,32966.0,35519.0,28260.0
32558.0,32039.0,34819.0,26948.0
37331.0,31471.0,34694.0,26097.0
40155.0,31373.0,33342.0,24963.0
41948.0,32899.0,29610.0,24170.0
42686.0,34255.0,25613.0,23942.0
43168.0,34634.0,22837.0,25518.0
43482.0,34395.0,21682.0,31341.0
43172.0,33943.0,20971.0,38144.0
43119.0,33959.0,20637.0,39985.0
43192.0,31202.0,20859.0,40523.0
44470.0,26941.0,22151.0,40110.0
47434.0,24097.0,25431.0,39656.0
48394.0,23563.0,30190.0,38733.0
45889.0,23315.0,33404.0,38039.0
42919.0,22873.0,34712.0,38481.0
39428.0,22551.0,34456.0,39389.0
35718.0,23053.0,34493.0,43609.0
31898.0,27618.0,34141.0,45091.0
31122.0,33306.0,33535.0,43962.0
30670.0,35245.0,32910.0,41884.0
29748.0,35428.0,32585.0,38883.0
28797.0,34771.0,33355.0,35442.0
28178.0,34323.0,34063.0,32201.0
29296.0,34018.0,34073.0,28568.0
34242.0,33098.0,33420.0,27216.0
38605.0,32471.0,33368.0,26152.0
41583.0,32243.0,32358.0,24881.0
42787.0,33268.0,29423.0,23884.0
42615.0,34388.0,26099.0,23065.0
42734.0,34221.0,23603.0,23479.0
42739.0,33694.0,22290.0,25915.0
42027.0,32804.0,21591.0,29069.0
41688.0,32515.0,21069.0,32861.0
41423.0,30430.0,20855.0,35083.0
42499.0,27045.0,21228.0,35117.0
45657.0,24447.0,22486.0,34655.0
47290.0,23651.0,25361.0,34575.0
45128.0,22933.0,28160.0,34861.0
41749.0,22197.0,29411.0,35759.0
38626.0,21605.0,29684.0,37241.0
35098.0,21284.0,29242.0,41605.0
31939.0,22984.0,28730.0,44514.0
31114.0,25793.0,27789.0,43627.0
30235.0,28709.0,27324.0,41196.0
28885.0,30037.0,27695.0,38894.0
27787.0,29945.0,29034.0,36104.0
26820.0,29496.0,30464.0,33305.0
27089.0,28931.0,31127.0,30645.0
29179.0,27841.0,31081.0,29569.0
31385.0,26963.0,31508.0,28573.0
34623.0,26520.0,30438.0,27395.0
36784.0,27417.0,27961.0,26418.0
36881.0,29020.0,25038.0,25683.0
36540.0,29655.0,22426.0,25605.0
36231.0,29754.0,21155.0,26842.0
35418.0,29107.0,20066.0,28549.0
34940.0,29521.0,19377.0,31540.0
35253.0,28172.0,19055.0,34784.0
37104.0,25249.0,19014.0,36141.0
40975.0,22806.0,19307.0,36638.0
43418.0,21843.0,21052.0,37125.0
41225.0,21021.0,23750.0,37293.0
38880.0,20124.0,26237.0,38058.0
36306.0,19458.0,27365.0,39412.0
33788.0,18848.0,27538.0,43722.0
31242.0,19681.0,27915.0,45748.0
30679.0,21413.0,27556.0,44606.0
29969.0,23956.0,26977.0,42400.0
28947.0,26285.0,27062.0,39933.0
27942.0,27680.0,27840.0,36890.0
27075.0,28432.0,29016.0,33227.0
26852.0,28623.0,29673.0,29589.0
27769.0,27975.0,29854.0,28784.0
28592.0,27414.0,30678.0,28438.0
31002.0,27305.0,30158.0,27666.0
34116.0,27954.0,27449.0,26994.0
36096.0,28608.0,24184.0,26677.0
37253.0,28651.0,21981.0,28343.0
38626.0,28664.0,21204.0,34568.0
38812.0,28591.0,20708.0,41526.0
38953.0,29027.0,20592.0,43454.0
39456.0,27788.0,20810.0,44062.0
40873.0,24755.0,22158.0,43683.0
42806.0,22278.0,25787.0,43222.0
43008.0,21582.0,30600.0,43146.0
41208.0,21176.0,33893.0,43029.0
38375.0,20608.0,35495.0,43378.0
35259.0,20078.0,35919.0,44600.0
31639.0,19880.0,36406.0,48087.0
28081.0,21559.0,36471.0,48392.0
27828.0,23816.0,35834.0,47442.0
27918.0,26073.0,35332.0,45618.0
27220.0,27893.0,35311.0,42573.0
26650.0,28771.0,35982.0,38383.0
26078.0,28930.0,36697.0,33776.0
27331.0,29138.0,36533.0,29337.0
33543.0,28727.0,35896.0,28209.0
39391.0,28319.0,35646.0,27736.0
40986.0,28550.0,33821.0,26871.0
41710.0,29957.0,29835.0,26145.0
41319.0,31703.0,25632.0,25770.0
41172.0,31910.0,22931.0,27314.0
41268.0,31567.0,21720.0,33195.0
41047.0,30906.0,20948.0,40112.0
40902.0,30863.0,20730.0,41581.0
41022.0,29141.0,21083.0,42223.0
43313.0,25380.0,22192.0,42519.0
46476.0,22728.0,25396.0,42713.0
48415.0,22250.0,29932.0,42714.0
46280.0,21923.0,32674.0,42500.0
43154.0,21413.0,33175.0,42373.0
38821.0,21072.0,33508.0,43365.0
34256.0,21595.0,33847.0,47113.0
30154.0,25737.0,34451.0,48179.0
29506.0,30205.0,34365.0,47253.0
29079.0,32835.0,34518.0,45242.0
28359.0,33508.0,34854.0,42284.0
27735.0,33407.0,35613.0,38030.0
27170.0,33251.0,36516.0,33501.0
28689.0,32979.0,36180.0,29364.0
34394.0,32157.0,35310.0,28208.0
39984.0,31693.0,35417.0,27676.0
41117.0,31671.0,33405.0,26649.0
41332.0,32632.0,29687.0,25940.0
40652.0,33573.0,25698.0,25367.0
40308.0,33741.0,22935.0,26998.0
40413.0,33432.0,21991.0,32850.0
40208.0,32466.0,21277.0,39667.0
40199.0,32387.0,20834.0,40929.0
40776.0,30435.0,20909.0,41754.0
42972.0,26460.0,22052.0,41282.0
46125.0,23692.0,25632.0,40695.0
48536.0,23133.0,30648.0,40452.0
46936.0,22666.0,33427.0,40546.0
43887.0,22221.0,34350.0,40999.0
39882.0,21889.0,34352.0,42318.0
35498.0,22400.0,34092.0,46743.0
31509.0,26220.0,33995.0,48139.0
30958.0,30542.0,33205.0,47294.0
30723.0,32733.0,32253.0,45511.0
29869.0,33319.0,32168.0,42616.0
29155.0,32892.0,32960.0,38601.0
28636.0,32399.0,33908.0,34174.0
30030.0,31903.0,34160.0,30152.0
36131.0,31245.0,33964.0,29030.0
41820.0,31312.0,34802.0,28469.0
43016.0,32316.0,33340.0,27482.0
43512.0,33997.0,29542.0,26739.0
43416.0,35382.0,25571.0,26283.0
43092.0,35184.0,22803.0,27816.0
42903.0,34076.0,21600.0,33590.0
42307.0,33050.0,20946.0,40531.0
42082.0,32227.0,20647.0,41762.0
42246.0,29739.0,20849.0,41980.0
44258.0,25598.0,21955.0,41527.0
47039.0,22647.0,25587.0,41520.0
48455.0,21761.0,30280.0,41632.0
46199.0,21509.0,32782.0,41627.0
42950.0,21125.0,33244.0,41759.0
38681.0,20740.0,33150.0,42626.0
34379.0,21315.0,32989.0,46395.0
30140.0,25255.0,32506.0,47418.0
29142.0,29319.0,31926.0,46179.0
28711.0,31626.0,31261.0,44449.0
27533.0,32052.0,31396.0,41532.0
26603.0,31912.0,32429.0,37564.0
25932.0,31890.0,33509.0,33117.0
27292.0,31510.0,33992.0,29205.0
32867.0,30815.0,33923.0,27871.0
38710.0,30266.0,34906.0,26934.0
40592.0,30013.0,33416.0,25800.0
41604.0,31171.0,29643.0,24620.0
41949.0,32345.0,25921.0,24079.0
41774.0,32844.0,23174.0,25335.0
41424.0,32663.0,22057.0,30832.0
40801.0,32211.0,21409.0,37331.0
40325.0,32669.0,21066.0,38852.0
40159.0,30888.0,21123.0,39112.0
41898.0,26671.0,22298.0,38880.0
44848.0,23813.0,25601.0,38856.0
47763.0,23250.0,30009.0,38861.0
45977.0,22748.0,32450.0,38672.0
43208.0,22291.0,32536.0,38965.0
39283.0,22007.0,31571.0,40004.0
35089.0,22593.0,31225.0,43526.0
31087.0,26388.0,31036.0,44460.0
30497.0,31037.0,30219.0,43262.0
29934.0,34358.0,29715.0,41025.0
28914.0,35710.0,29698.0,38544.0
28262.0,35842.0,30768.0,35227.0
27840.0,35773.0,32058.0,31933.0
29305.0,35190.0,32384.0,28790.0
35011.0,33652.0,32257.0,27475.0
40581.0,32265.0,33011.0,26525.0
41524.0,31003.0,31495.0,25227.0
41246.0,31369.0,28299.0,24221.0
40329.0,32323.0,25006.0,23554.0
39578.0,32354.0,22353.0,24047.0
39142.0,32250.0,21226.0,26465.0
38885.0,31462.0,20492.0,29543.0
38650.0,31351.0,19950.0,32555.0
38964.0,30035.0,19918.0,34604.0
40956.0,26521.0,20389.0,35300.0
43820.0,23800.0,21625.0,36014.0
46056.0,22936.0,24251.0,36487.0
43560.0,22089.0,26921.0,36253.0
40327.0,21431.0,27992.0,36196.0
36649.0,20814.0,27561.0,37227.0
32870.0,20522.0,27045.0,40245.0
29534.0,22159.0,26716.0,41926.0
28821.0,24572.0,26421.0,40531.0
28007.0,26893.0,26282.0,37932.0
26802.0,28337.0,26668.0,35504.0
25750.0,28632.0,27829.0,32744.0
24733.0,28199.0,29532.0,29994.0
25054.0,27538.0,30253.0,27187.0
27252.0,26434.0,30499.0,26323.0
29741.0,25650.0,30866.0,25303.0
33647.0,25753.0,29772.0,23913.0
36220.0,27424.0,27458.0,22727.0
36591.0,29556.0,24621.0,22017.0
36660.0,30382.0,22363.0,22009.0
36466.0,30282.0,21222.0,23505.0
35874.0,29890.0,20325.0,25572.0
35492.0,29795.0,19745.0,28454.0
35418.0,28151.0,19480.0,31972.0
36559.0,25130.0,19700.0,34313.0
39540.0,22672.0,20192.0,35665.0
40874.0,21694.0,21937.0,36799.0
38474.0,21001.0,24631.0,36838.0
35584.0,20051.0,27057.0,36588.0
32943.0,19352.0,28417.0,37423.0
30319.0,18669.0,29088.0,40877.0
27775.0,19626.0,29453.0,42164.0
27013.0,21504.0,29051.0,40557.0
26174.0,24358.0,28582.0,38611.0
24757.0,27055.0,28545.0,36351.0
23731.0,28886.0,29293.0,33263.0
22812.0,29583.0,30224.0,30030.0
22820.0,29759.0,30456.0,26565.0
23886.0,28689.0,30454.0,25953.0
25026.0,27385.0,30799.0,25770.0
27517.0,27045.0,29546.0,24953.0
30028.0,27565.0,27154.0,24336.0
31439.0,28600.0,24211.0,24034.0
32111.0,28933.0,22024.0,25855.0
32744.0,29193.0,21053.0,32208.0
33043.0,28839.0,20391.0,39573.0
33949.0,29189.0,19924.0,41445.0
34960.0,28169.0,19796.0,42196.0
36054.0,24240.0,20474.0,42329.0
39089.0,21476.0,21909.0,42546.0
41486.0,21052.0,24400.0,42791.0
40311.0,20838.0,27354.0,42668.0
37756.0,20446.0,29783.0,42722.0
34736.0,20241.0,31227.0,43730.0
31290.0,21198.0,31776.0,47519.0
27847.0,25959.0,31772.0,48219.0
27483.0,30978.0,30895.0,47373.0
27525.0,32661.0,30262.0,45584.0
26962.0,32687.0,30247.0,42910.0
26265.0,32640.0,31454.0,38990.0
25801.0,33083.0,33053.0,34784.0
27432.0,33091.0,33224.0,30744.0
33473.0,32683.0,32772.0,29435.0
38855.0,33020.0,33218.0,28803.0
40161.0,33721.0,31271.0,27631.0
40637.0,35583.0,28142.0,26649.0
40491.0,36327.0,24440.0,26131.0
40182.0,36146.0,22119.0,27430.0
39941.0,35214.0,21284.0,33280.0
39398.0,33755.0,20625.0,40057.0
39212.0,32620.0,20293.0,41291.0
39411.0,29130.0,20405.0,41418.0
41594.0,24727.0,21874.0,40973.0
44736.0,22214.0,26005.0,40672.0
48003.0,21842.0,30923.0,40128.0
46549.0,21516.0,33321.0,39964.0
43320.0,21215.0,34192.0,40162.0
39237.0,20788.0,33909.0,40915.0
34581.0,21577.0,33774.0,45118.0
30523.0,26466.0,33762.0,46652.0
29884.0,32427.0,33190.0,45237.0
29827.0,34589.0,32933.0,43110.0
29157.0,35452.0,33294.0,40192.0
28564.0,35262.0,34475.0,36161.0
28065.0,35129.0,35816.0,31921.0
29449.0,34477.0,36292.0,27734.0
35093.0,33274.0,36304.0,26663.0
40395.0,32272.0,36782.0,25832.0
41414.0,31748.0,34176.0,24683.0
41429.0,33079.0,30224.0,23750.0
40376.0,34054.0,25942.0,23292.0
39802.0,34040.0,23258.0,24811.0
39394.0,33410.0,22265.0,30649.0
38893.0,32615.0,21717.0,37549.0
38791.0,31978.0,21410.0,38787.0
39293.0,29901.0,21484.0,38566.0
41642.0,25680.0,22894.0,38386.0
44511.0,23003.0,26722.0,38344.0
47738.0,22809.0,31594.0,39021.0
46222.0,22379.0,33878.0,39384.0
43040.0,22015.0,34124.0,40031.0
38880.0,21754.0,33786.0,41647.0
34135.0,22450.0,33726.0,46093.0
30020.0,27105.0,34131.0,47213.0
29314.0,32338.0,33750.0,46429.0
29091.0,33429.0,33584.0,44460.0
28410.0,33563.0,33831.0,41862.0
27823.0,33286.0,35096.0,38002.0
27314.0,33333.0,36268.0,34089.0
28845.0,32948.0,36477.0,30068.0
34639.0,32273.0,36552.0,28824.0
39946.0,31824.0,36790.0,28027.0
40813.0,31917.0,34156.0,26803.0
40776.0,33416.0,30022.0,25767.0
39952.0,34304.0,25899.0,25254.0
39589.0,34459.0,23219.0,26808.0
39482.0,34425.0,22181.0,32461.0
39100.0,33714.0,21534.0,39270.0
39103.0,33441.0,21272.0,40966.0
39680.0,31825.0,21297.0,41436.0
42062.0,27683.0,22737.0,41588.0
44860.0,24681.0,26957.0,41631.0
48049.0,23996.0,32420.0,41502.0
47237.0,23578.0,34433.0,41250.0
44073.0,23078.0,34668.0,40888.0
40010.0,22512.0,34242.0,41637.0
35519.0,23122.0,34193.0,45522.0
31424.0,27594.0,34473.0,46083.0
30678.0,32666.0,34176.0,44913.0
30223.0,33899.0,34215.0,42949.0
29228.0,33549.0,34542.0,40272.0
28538.0,32855.0,36069.0,36350.0
28044.0,32616.0,37177.0,32260.0
29479.0,32245.0,37330.0,28339.0
35062.0,31595.0,36992.0,27182.0
40018.0,31185.0,36801.0,26435.0
41058.0,31372.0,34188.0,25354.0
41437.0,32917.0,30092.0,24339.0
41003.0,33929.0,25837.0,24023.0
40643.0,34327.0,23093.0,25584.0
40483.0,34174.0,22235.0,31186.0
40109.0,33369.0,21683.0,38048.0
40205.0,32755.0,21280.0,39311.0
40617.0,31009.0,21353.0,39243.0
42511.0,26923.0,22644.0,38446.0
44598.0,24016.0,26741.0,38018.0
47365.0,23184.0,32381.0,38072.0
45767.0,22701.0,34526.0,38045.0
43023.0,22268.0,34888.0,38028.0
38778.0,21861.0,34584.0,38972.0
34440.0,22538.0,34466.0,43138.0
30385.0,26893.0,34330.0,44158.0
29503.0,32569.0,34009.0,42855.0
29053.0,34667.0,33277.0,40677.0
28165.0,35022.0,33043.0,38083.0
27334.0,34838.0,34098.0,34699.0
26758.0,34271.0,35099.0,31111.0
27909.0,33677.0,35101.0,27871.0
33219.0,32499.0,34921.0,26758.0
38867.0,31863.0,35179.0,25506.0
40136.0,31379.0,32815.0,23994.0
39846.0,32045.0,29306.0,22877.0
38481.0,32419.0,25570.0,22221.0
37505.0,32015.0,22735.0,22690.0
36666.0,31374.0,21676.0,24960.0
35642.0,30418.0,20945.0,28195.0
35321.0,29835.0,20330.0,31680.0
35370.0,28844.0,20053.0,34443.0
37250.0,25627.0,20582.0,35502.0
40045.0,22750.0,22185.0,35762.0
43290.0,21625.0,25134.0,35732.0
41791.0,20616.0,28393.0,35345.0
38735.0,20019.0,29969.0,35144.0
35170.0,19127.0,30090.0,36181.0
31607.0,18809.0,29782.0,39595.0
28442.0,20416.0,29379.0,41352.0
27549.0,22695.0,28457.0,40091.0
26696.0,24753.0,27573.0,37506.0
25489.0,26158.0,27178.0,35159.0
24457.0,26230.0,28244.0,32397.0
23725.0,25871.0,30019.0,29722.0
23980.0,25175.0,30923.0,26960.0
26057.0,24202.0,31520.0,25949.0
28509.0,23383.0,32560.0,24814.0
31623.0,23243.0,30850.0,23224.0
33375.0,24229.0,28308.0,22069.0
33210.0,26086.0,25173.0,21078.0
32362.0,26986.0,22767.0,21149.0
31313.0,27328.0,21608.0,22597.0
30022.0,26988.0,20808.0,24630.0
29364.0,27053.0,20175.0,27362.0
29615.0,26887.0,19971.0,30628.0
31421.0,24439.0,20300.0,32728.0
34786.0,21877.0,20901.0,33864.0
38643.0,20890.0,22523.0,34820.0
37586.0,20133.0,24930.0,35163.0
34929.0,19588.0,26555.0,35685.0
32271.0,18784.0,27084.0,37390.0
29650.0,18396.0,26874.0,41875.0
26999.0,19388.0,26667.0,43327.0
26526.0,20589.0,25653.0,42251.0
25739.0,22269.0,24975.0,40267.0
24411.0,23930.0,25398.0,38120.0
23323.0,24867.0,27331.0,35223.0
22481.0,25185.0,29577.0,32080.0
22458.0,25125.0,30897.0,28523.0
23626.0,24367.0,32160.0,27287.0
25095.0,23741.0,33483.0,26571.0
28046.0,23762.0,31332.0,25380.0
31118.0,25160.0,28000.0,24349.0
32706.0,26983.0,24374.0,23829.0
33737.0,28281.0,22017.0,25324.0
34629.0,28996.0,21458.0,31070.0
34357.0,28973.0,21070.0,38006.0
33607.0,29003.0,20896.0,39948.0
33702.0,28244.0,21091.0,40358.0
34973.0,24830.0,22761.0,40045.0
37546.0,22289.0,27495.0,39615.0
40844.0,21606.0,33088.0,39182.0
40414.0,21173.0,34671.0,38803.0
38233.0,20851.0,34626.0,39044.0
35469.0,20451.0,34236.0,40013.0
32075.0,21341.0,34329.0,44794.0
28615.0,26071.0,34163.0,46034.0
28229.0,31437.0,33569.0,44827.0
28166.0,32825.0,33114.0,42552.0
27405.0,32833.0,33172.0,39429.0
26446.0,32683.0,35050.0,35570.0
25856.0,33148.0,36494.0,31162.0
27298.0,32967.0,36551.0,27068.0
32737.0,32705.0,36940.0,25937.0
37982.0,32579.0,37838.0,25173.0
39764.0,32582.0,34966.0,24070.0
40670.0,34090.0,30837.0,23161.0
41040.0,35150.0,26605.0,22738.0
41817.0,34814.0,24020.0,24369.0
42330.0,34197.0,23290.0,30284.0
41750.0,33243.0,22680.0,37177.0
41353.0,32295.0,22330.0,38985.0
41112.0,30441.0,22374.0,39325.0
42610.0,26589.0,23726.0,38647.0
44226.0,23963.0,28524.0,38117.0
46015.0,23143.0,34178.0,37763.0
44530.0,22650.0,35735.0,37592.0
41429.0,22317.0,35932.0,38097.0
37399.0,21786.0,35991.0,39844.0
33005.0,22623.0,36101.0,44827.0
29015.0,27155.0,35735.0,46252.0
28248.0,32079.0,35163.0,45413.0
28299.0,33504.0,34486.0,43570.0
27595.0,33577.0,34518.0,40662.0
26916.0,33372.0,36259.0,37065.0
26569.0,33693.0,37382.0,33032.0
28097.0,33812.0,37624.0,29096.0
33748.0,33343.0,38158.0,28024.0
39119.0,32966.0,38001.0,27346.0
39956.0,32935.0,35105.0,26257.0
39337.0,34234.0,30686.0,25363.0
38365.0,35042.0,26332.0,24935.0
38070.0,34741.0,23833.0,26415.0
37952.0,34161.0,22951.0,32304.0
37371.0,33457.0,22484.0,39174.0
37489.0,32653.0,22145.0,40301.0
38050.0,31010.0,22289.0,39823.0
40326.0,26892.0,23710.0,39172.0
42800.0,24196.0,28565.0,38549.0
46357.0,23469.0,34533.0,38359.0
46019.0,22978.0,35978.0,38631.0
43042.0,22564.0,36103.0,39166.0
39207.0,22033.0,35614.0,41113.0
34493.0,22897.0,35267.0,45828.0
30164.0,27474.0,34934.0,46860.0
29270.0,32824.0,34462.0,45641.0
28828.0,34355.0,33713.0,43472.0
27605.0,34289.0,33624.0,40236.0
26730.0,33667.0,35208.0,36265.0
26261.0,33341.0,36352.0,31756.0
27670.0,32775.0,36513.0,27567.0
33055.0,32032.0,37110.0,26386.0
38053.0,31323.0,37540.0,25612.0
38953.0,31316.0,34465.0,24446.0
38756.0,32579.0,30339.0,23559.0
38255.0,33548.0,26147.0,23233.0
38446.0,33598.0,23495.0,24817.0
38771.0,33429.0,22719.0,30915.0
39118.0,32815.0,22149.0,38300.0
39594.0,32138.0,21857.0,40386.0
40127.0,30592.0,21948.0,40689.0
42226.0,26762.0,23451.0,40886.0
44018.0,23856.0,28136.0,41195.0
46138.0,22999.0,33425.0,41270.0
45421.0,22384.0,34475.0,41215.0
42844.0,22032.0,34220.0,41512.0
39078.0,21486.0,33076.0,43074.0
34705.0,22302.0,32257.0,47033.0
30642.0,26651.0,31758.0,47583.0
29733.0,31901.0,31034.0,46521.0
29063.0,33329.0,30594.0,44633.0
27971.0,33249.0,30928.0,41998.0
26950.0,32571.0,32970.0,38422.0
26248.0,32222.0,34566.0,33752.0
27395.0,31915.0,35122.0,29590.0
32514.0,31421.0,35958.0,28087.0
37776.0,31260.0,36699.0,27170.0
38573.0,31627.0,33761.0,25909.0
38848.0,33126.0,29691.0,24980.0
38217.0,33755.0,25621.0,24706.0
37780.0,33846.0,23006.0,26244.0
37564.0,33664.0,22189.0,32130.0
37268.0,32828.0,21682.0,39085.0
37607.0,32064.0,21395.0,41266.0
38364.0,30590.0,21407.0,41401.0
40724.0,26782.0,22809.0,41088.0
42953.0,23947.0,27288.0,40815.0
45701.0,23106.0,32843.0,40514.0
44514.0,22550.0,33737.0,39688.0
41584.0,22100.0,33803.0,39744.0
38120.0,21595.0,32978.0,40690.0
33858.0,22332.0,32444.0,45060.0
30088.0,26681.0,31832.0,46333.0
29325.0,32103.0,31082.0,44871.0
28853.0,33987.0,30714.0,42465.0
27852.0,34231.0,30968.0,39857.0
27106.0,34040.0,32738.0,36538.0
26601.0,33998.0,33880.0,32980.0
28201.0,33845.0,34160.0,29865.0
33635.0,33639.0,34832.0,29001.0
39405.0,33651.0,34441.0,28235.0
40818.0,33717.0,31593.0,27030.0
41346.0,34847.0,28341.0,26037.0
41126.0,35456.0,24855.0,25298.0
40937.0,34855.0,22365.0,25825.0
40635.0,33828.0,21308.0,28126.0
39933.0,32596.0,20651.0,31471.0
39452.0,31852.0,19963.0,35146.0
39101.0,30092.0,19746.0,37834.0
40370.0,26812.0,20311.0,38787.0
41992.0,24175.0,22336.0,38812.0
44631.0,22910.0,25034.0,38594.0
43714.0,21898.0,28308.0,37847.0
40804.0,21413.0,29976.0,37445.0
37281.0,20773.0,29908.0,38151.0
33539.0,20634.0,29190.0,41652.0
30327.0,22291.0,28376.0,43176.0
29481.0,25445.0,27080.0,41933.0
28730.0,29064.0,25973.0,39560.0
27598.0,31427.0,25937.0,37409.0
26584.0,32076.0,27354.0,34883.0
25804.0,32006.0,29694.0,32622.0
26156.0,31492.0,30925.0,30084.0
28015.0,30582.0,32087.0,29234.0
30887.0,29624.0,32457.0,28264.0
34290.0,29322.0,30299.0,26930.0
36038.0,30108.0,27709.0,25931.0
36416.0,31496.0,24820.0,25027.0
36795.0,31735.0,22443.0,25034.0
36779.0,31117.0,21321.0,26378.0
36121.0,30130.0,20472.0,28392.0
35404.0,29643.0,19963.0,31560.0
35115.0,28458.0,19795.0,35216.0
36252.0,25520.0,20034.0,37440.0
38671.0,23152.0,21007.0,38616.0
41572.0,22089.0,22730.0,39442.0
41112.0,21313.0,25481.0,39410.0
38248.0,20578.0,27530.0,39300.0
35349.0,19720.0,28294.0,40571.0
32392.0,19322.0,28688.0,43873.0
29606.0,20282.0,29168.0,44889.0
28903.0,22097.0,28675.0,43681.0
28019.0,24784.0,28302.0,41942.0
26864.0,27349.0,28744.0,39574.0
25823.0,28884.0,30246.0,36420.0
25057.0,29382.0,31820.0,32949.0
25036.0,29583.0,32635.0,29043.0
25901.0,28989.0,33594.0,28165.0
27615.0,28381.0,33903.0,27590.0
30938.0,28423.0,31288.0,26486.0
34065.0,29499.0,28123.0,25598.0
35855.0,30604.0,24466.0,25159.0
36851.0,30822.0,22203.0,26813.0
37405.0,30744.0,21592.0,32850.0
36772.0,30113.0,21159.0,40193.0
36614.0,29562.0,20807.0,42552.0
36772.0,28269.0,20727.0,43449.0
37677.0,24711.0,22301.0,43561.0
39121.0,22380.0,27590.0,43562.0
41116.0,21770.0,33548.0,43424.0
40807.0,21385.0,35896.0,43487.0
38806.0,20870.0,36564.0,43531.0
35715.0,20452.0,36559.0,44425.0
32255.0,21420.0,36436.0,47417.0
28788.0,26083.0,36224.0,47807.0
28355.0,31755.0,35516.0,47593.0
28211.0,33624.0,34959.0,46120.0
27475.0,33671.0,34900.0,43104.0
26847.0,33146.0,36662.0,39275.0
26390.0,32923.0,37820.0,34772.0
27952.0,32843.0,37799.0,30480.0
33635.0,32557.0,38287.0,29276.0
39883.0,32334.0,37262.0,28488.0
42308.0,32519.0,34017.0,27313.0
43410.0,34050.0,29819.0,26461.0
43401.0,34954.0,25453.0,25963.0
43614.0,34962.0,23017.0,27454.0
43722.0,34413.0,22455.0,33261.0
43500.0,33225.0,21986.0,40258.0
43487.0,32370.0,21664.0,42117.0
43588.0,30776.0,21749.0,42323.0
45389.0,26779.0,23321.0,42320.0
46836.0,23954.0,28449.0,42708.0
48423.0,23056.0,34354.0,42862.0
47325.0,22483.0,36260.0,42721.0
44161.0,22080.0,36857.0,42730.0
39983.0,21792.0,36800.0,43754.0
35234.0,22510.0,36122.0,46543.0
31317.0,26976.0,35490.0,46480.0
30571.0,32295.0,34684.0,45939.0
30299.0,34183.0,34226.0,43950.0
29405.0,33923.0,34721.0,41234.0
28681.0,33066.0,36970.0,37339.0
28154.0,32989.0,38086.0,32819.0
29520.0,32819.0,38106.0,28656.0
34818.0,32483.0,38821.0,27412.0
40599.0,32104.0,38513.0,26433.0
42398.0,32289.0,35472.0,25220.0
42993.0,33748.0,31280.0,24101.0
42475.0,34593.0,26977.0,23619.0
41948.0,34438.0,24374.0,25202.0
41488.0,33989.0,23740.0,30976.0
40835.0,32899.0,23270.0,37876.0
40547.0,31941.0,22866.0,39547.0
40764.0,30291.0,22875.0,39771.0
42786.0,26201.0,24222.0,39654.0
44600.0,23335.0,29150.0,39507.0
47211.0,22375.0,34897.0,39670.0
46854.0,21660.0,36490.0,39798.0
43860.0,21169.0,36435.0,39824.0
39882.0,20784.0,36206.0,41313.0
35416.0,21513.0,36218.0,45471.0
31333.0,26043.0,36387.0,46445.0
30447.0,31589.0,36081.0,45414.0
30068.0,33829.0,35915.0,43209.0
29284.0,34405.0,36288.0,40390.0
28495.0,34278.0,38267.0,36477.0
28000.0,34035.0,39094.0,32277.0
29476.0,33834.0,39106.0,28284.0
34572.0,33460.0,39598.0,26929.0
40111.0,33039.0,38429.0,25824.0
41489.0,33148.0,34971.0,24561.0
41556.0,34696.0,30746.0,23333.0
40685.0,35289.0,26417.0,22773.0
40111.0,34719.0,23755.0,24259.0
39826.0,33785.0,23140.0,29718.0
39321.0,32958.0,22738.0,36555.0
39243.0,31872.0,22376.0,38604.0
39839.0,30268.0,22418.0,38789.0
42047.0,26310.0,23973.0,38701.0
44052.0,23514.0,29022.0,38910.0
46558.0,22564.0,34694.0,38965.0
46444.0,21979.0,35757.0,38958.0
43433.0,21485.0,35497.0,39005.0
39370.0,20921.0,34919.0,39849.0
34898.0,21637.0,34564.0,43805.0
30757.0,25863.0,34630.0,44892.0
29992.0,31062.0,34087.0,43882.0
29577.0,32700.0,33946.0,42024.0
28584.0,32637.0,34249.0,39434.0
27978.0,32038.0,36035.0,36047.0
27360.0,31866.0,37470.0,31902.0
28778.0,31529.0,38234.0,28062.0
34066.0,30950.0,39088.0,26825.0
40010.0,30781.0,38493.0,25863.0
41522.0,31136.0,35339.0,24293.0
42112.0,32873.0,31114.0,23374.0
42144.0,33845.0,27008.0,23105.0
41967.0,33832.0,24296.0,24714.0
41686.0,33230.0,23446.0,30246.0
41230.0,32399.0,22970.0,36984.0
40829.0,31544.0,22645.0,39103.0
40916.0,30209.0,22766.0,39087.0
42825.0,26420.0,24274.0,38563.0
44612.0,23539.0,29047.0,38571.0
46887.0,22582.0,34893.0,38246.0
46351.0,21953.0,36478.0,37820.0
43421.0,21301.0,36539.0,37733.0
39320.0,20722.0,35958.0,38585.0
34925.0,21542.0,35425.0,42218.0
31012.0,26062.0,34924.0,43149.0
30039.0,31143.0,34314.0,41731.0
29447.0,33160.0,33866.0,39406.0
28442.0,33497.0,33691.0,36860.0
27685.0,33515.0,35191.0,33683.0
27098.0,33390.0,36346.0,30327.0
28467.0,32756.0,36659.0,27226.0
33367.0,31787.0,37520.0,25975.0
39107.0,31020.0,36443.0,24480.0
40789.0,30919.0,33597.0,22765.0
42537.0,32058.0,30290.0,21525.0
40900.0,32991.0,26670.0,20661.0
39296.0,33082.0,23933.0,21141.0
38231.0,32702.0,22960.0,23374.0
36994.0,31808.0,22234.0,26429.0
36450.0,31315.0,21642.0,29765.0
36284.0,30085.0,21348.0,32060.0
38129.0,26802.0,21867.0,32849.0
40156.0,24131.0,23950.0,33044.0
42769.0,22957.0,26910.0,33141.0
42559.0,22145.0,29867.0,32800.0
39757.0,21432.0,31009.0,32696.0
36106.0,20632.0,30426.0,33647.0
32556.0,20544.0,29421.0,37137.0
29510.0,22334.0,28652.0,39068.0
28670.0,25260.0,27788.0,37920.0
27746.0,28534.0,27357.0,35525.0
26468.0,30438.0,27496.0,33687.0
25312.0,30912.0,29134.0,30982.0
24443.0,30942.0,31489.0,28626.0
24736.0,30666.0,32667.0,26106.0
26240.0,29925.0,34340.0,25156.0
28917.0,29108.0,33595.0,23775.0
31926.0,28596.0,31242.0,21978.0
33919.0,29198.0,28629.0,20601.0
34483.0,30394.0,25481.0,19810.0
34505.0,30574.0,23061.0,19928.0
34208.0,30043.0,22124.0,21544.0
33315.0,29301.0,21367.0,23605.0
32738.0,28841.0,20747.0,26435.0
32924.0,28230.0,20461.0,29317.0
34659.0,25588.0,20733.0,30519.0
37366.0,23006.0,21827.0,30909.0
39778.0,21665.0,23578.0,31536.0
40076.0,20737.0,26208.0,31545.0
37551.0,19896.0,28142.0,31800.0
34775.0,18952.0,28903.0,33577.0
32031.0,18322.0,29049.0,37577.0
29297.0,19087.0,29367.0,39216.0
28595.0,20821.0,28968.0,38120.0
27784.0,23533.0,28740.0,36348.0
26577.0,25482.0,29211.0,34487.0
25609.0,26502.0,30931.0,32054.0
24767.0,26708.0,32674.0,29039.0
24868.0,26766.0,33856.0,25989.0
25471.0,25817.0,35220.0,24907.0
27196.0,25108.0,34110.0,24192.0
29704.0,24963.0,31406.0,23030.0
31971.0,25600.0,28193.0,22237.0
32954.0,26984.0,24319.0,21860.0
33016.0,27819.0,21972.0,23294.0
32959.0,28467.0,21472.0,28058.0
32004.0,28785.0,21065.0,33573.0
31408.0,28726.0,20645.0,36885.0
31887.0,27603.0,20792.0,38060.0
33915.0,24331.0,22400.0,38487.0
36538.0,21762.0,27821.0,39164.0
39533.0,20985.0,33993.0,39611.0
40500.0,20562.0,36233.0,39308.0
38130.0,20276.0,37267.0,38955.0
34688.0,20073.0,37481.0,39530.0
31127.0,21029.0,37434.0,42628.0
27667.0,25748.0,37212.0,44107.0
27224.0,31471.0,36442.0,43479.0
26772.0,33855.0,35717.0,41683.0
25891.0,34459.0,35324.0,39269.0
25120.0,34396.0,36681.0,36036.0
24866.0,34390.0,37992.0,31907.0
26604.0,33973.0,38490.0,27925.0
31875.0,33034.0,39625.0,26210.0
37609.0,32231.0,38280.0,25020.0
39249.0,32029.0,34867.0,23343.0
39794.0,33402.0,30616.0,22024.0
39556.0,34581.0,26193.0,21429.0
39662.0,34518.0,23680.0,22647.0
39804.0,33813.0,23279.0,27261.0
39572.0,32993.0,22975.0,32215.0
39502.0,31887.0,22471.0,35693.0
39753.0,30042.0,22454.0,37246.0
41545.0,26135.0,23921.0,37418.0
43205.0,23487.0,29281.0,37523.0
44802.0,22595.0,35223.0,37658.0
44925.0,22203.0,36730.0,37636.0
42054.0,21758.0,36729.0,37727.0
38137.0,21466.0,36498.0,38695.0
33698.0,22433.0,36019.0,41958.0
29712.0,26734.0,35821.0,43227.0
29092.0,32231.0,34918.0,42590.0
28693.0,34090.0,34241.0,40592.0
27934.0,34354.0,34452.0,38132.0
27145.0,34155.0,36136.0,34710.0
26695.0,34228.0,37628.0,30834.0
28212.0,34055.0,38152.0,26931.0
33275.0,33582.0,39863.0,25299.0
38573.0,33041.0,38377.0,24122.0
39633.0,32854.0,35011.0,22559.0
39630.0,34073.0,30639.0,21502.0
39292.0,34570.0,26119.0,21027.0
39543.0,34415.0,23507.0,22416.0
39495.0,34136.0,22972.0,26937.0
39117.0,33208.0,22676.0,32138.0
38937.0,32365.0,22212.0,35305.0
39120.0,30840.0,22317.0,36176.0
41134.0,26783.0,23887.0,35473.0
42843.0,23986.0,29120.0,34735.0
44831.0,23127.0,34711.0,34518.0
45720.0,22494.0,35364.0,34693.0
43141.0,21996.0,34937.0,35372.0
39183.0,21602.0,34101.0,36628.0
34680.0,22393.0,33894.0,40572.0
30748.0,26761.0,33848.0,42132.0
29951.0,32061.0,33765.0,41193.0
29464.0,33737.0,33937.0,38933.0
28741.0,33710.0,34545.0,36616.0
28093.0,33133.0,36615.0,33434.0
27580.0,33099.0,37886.0,29865.0
29116.0,33067.0,38552.0,26450.0
34004.0,32694.0,39728.0,24780.0
38961.0,32672.0,37666.0,23509.0
39778.0,33130.0,34634.0,21773.0
39804.0,34701.0,30303.0,20635.0
39431.0,35337.0,25994.0,20257.0
39432.0,35001.0,23276.0,21408.0
39291.0,34308.0,22449.0,24991.0
38771.0,33328.0,21857.0,29012.0
38475.0,32503.0,21405.0,32434.0
38756.0,30968.0,21413.0,34697.0
40699.0,27094.0,22833.0,35296.0
42370.0,24157.0,28098.0,35066.0
44720.0,23237.0,33905.0,33939.0
45479.0,22635.0,35215.0,32493.0
42614.0,22166.0,34534.0,32325.0
38294.0,21653.0,33323.0,33398.0
33528.0,22465.0,32486.0,37366.0
29439.0,26786.0,32059.0,39057.0
28611.0,32006.0,31771.0,37692.0
28179.0,34062.0,31892.0,35532.0
27249.0,34444.0,32158.0,33264.0
26335.0,34157.0,34142.0,30853.0
25954.0,34211.0,35689.0,28287.0
27311.0,34061.0,36868.0,25470.0
32251.0,33445.0,38697.0,24371.0
38344.0,33169.0,37261.0,23111.0
39846.0,33435.0,33906.0,21649.0
40158.0,34612.0,29873.0,20699.0
39697.0,35325.0,25644.0,20036.0
38901.0,35032.0,23000.0,20411.0
37870.0,34533.0,22415.0,22232.0
36978.0,33427.0,21993.0,25047.0
36082.0,32929.0,21619.0,29040.0
35965.0,31186.0,21532.0,32612.0
37791.0,27216.0,23032.0,34771.0
39684.0,24264.0,28481.0,36142.0
42014.0,23264.0,34107.0,37129.0
43541.0,22635.0,35338.0,36678.0
40956.0,22074.0,34725.0,34498.0
37174.0,21657.0,33506.0,32417.0
33031.0,22262.0,33142.0,31767.0
29437.0,26605.0,33225.0,30445.0
28714.0,31818.0,32465.0,29236.0
28418.0,34298.0,32043.0,28384.0
27628.0,34966.0,32138.0,27719.0
27009.0,34828.0,33900.0,26416.0
26511.0,34722.0,35419.0,25214.0
27862.0,34487.0,36274.0,23396.0
32709.0,33982.0,38167.0,22560.0
38122.0,33721.0,36664.0,21618.0
39360.0,33520.0,33707.0,20211.0
39182.0,34165.0,30386.0,19039.0
38283.0,34309.0,26726.0,18313.0
38164.0,33523.0,24063.0,18372.0
37928.0,32700.0,23223.0,19329.0
37154.0,31408.0,22591.0,21037.0
36620.0,30588.0,21983.0,23681.0
36574.0,29665.0,21735.0,26811.0
38124.0,26729.0,22325.0,28894.0
39800.0,23874.0,24645.0,29743.0
41743.0,22345.0,27373.0,30100.0
42699.0,21360.0,30109.0,29562.0
40163.0,20720.0,30776.0,29046.0
36618.0,19997.0,29989.0,29607.0
32944.0,19776.0,29110.0,32158.0
29599.0,21782.0,28587.0,32948.0
28682.0,24444.0,27941.0,32015.0
27514.0,27045.0,27409.0,30671.0
25905.0,28135.0,27746.0,29207.0
24605.0,28004.0,29380.0,27517.0
23521.0,28000.0,32116.0,25596.0
23366.0,27396.0,33360.0,23568.0
24785.0,26293.0,34959.0,22960.0
27630.0,25550.0,33639.0,22191.0
30809.0,25433.0,31185.0,21028.0
32881.0,26404.0,28754.0,20185.0
33493.0,28102.0,25707.0,19624.0
33432.0,28797.0,23279.0,20009.0
33034.0,28794.0,22460.0,21358.0
32118.0,28294.0,21720.0,23331.0
31312.0,28244.0,20958.0,25997.0
31160.0,27787.0,20637.0,29361.0
32328.0,25279.0,21004.0,31697.0
34531.0,22871.0,22270.0,32696.0
36865.0,21465.0,23987.0,33083.0
37082.0,20459.0,26418.0,32786.0
34691.0,19638.0,27971.0,32798.0
32148.0,18905.0,28355.0,33483.0
29522.0,18283.0,28002.0,36507.0
26479.0,18968.0,28137.0,37496.0
25781.0,20689.0,27560.0,36421.0
25235.0,23513.0,26936.0,34633.0
24082.0,26083.0,27485.0,32655.0
22992.0,27896.0,29364.0,30351.0
22664.0,28834.0,31838.0,27847.0
23556.0,29010.0,33590.0,25092.0
24991.0,27830.0,35988.0,24073.0
27706.0,26642.0,34342.0,23115.0
30618.0,26211.0,31564.0,21616.0
33079.0,27090.0,28238.0,20434.0
34501.0,28291.0,24463.0,19651.0
35049.0,28905.0,22209.0,19901.0
34224.0,29123.0,22002.0,21649.0
32768.0,29026.0,21784.0,23517.0
31894.0,28537.0,21474.0,25918.0
32364.0,28068.0,21557.0,28347.0
33397.0,24985.0,23130.0,29950.0
34131.0,22530.0,28630.0,30400.0
35436.0,21630.0,34486.0,30889.0
36269.0,21048.0,35614.0,31095.0
33625.0,20793.0,35423.0,31370.0
30226.0,20386.0,34469.0,32399.0
26146.0,21328.0,33820.0,36341.0
23641.0,25709.0,33186.0,38269.0
24437.0,31028.0,32305.0,37079.0
24882.0,33133.0,31845.0,35024.0
24354.0,33676.0,32401.0,32815.0
23971.0,33493.0,34759.0,30246.0
25121.0,33187.0,36752.0,27253.0
29803.0,32884.0,38059.0,24210.0
35362.0,32155.0,40112.0,23219.0
37718.0,31876.0,37963.0,22249.0
37926.0,32098.0,34363.0,20965.0
37332.0,33579.0,30070.0,19944.0
37295.0,34697.0,25736.0,19481.0
37261.0,34748.0,23244.0,20654.0
37020.0,34503.0,22833.0,23923.0
37469.0,33616.0,22503.0,27066.0
38036.0,32777.0,22155.0,29939.0
39789.0,31298.0,22304.0,32019.0
41135.0,27251.0,23989.0,32023.0
41478.0,24388.0,29326.0,31550.0
41563.0,23149.0,35036.0,31375.0
40412.0,22387.0,35995.0,31453.0
36973.0,21874.0,35794.0,32098.0
32320.0,21447.0,34601.0,33443.0
27811.0,22156.0,33819.0,37631.0
25215.0,26405.0,33227.0,39829.0
25867.0,31541.0,32566.0,38556.0
26039.0,33345.0,32504.0,36230.0
25545.0,33455.0,33218.0,33718.0
25214.0,33014.0,35477.0,30871.0
25927.0,32864.0,37382.0,27735.0
30150.0,32733.0,38540.0,24604.0
35295.0,32426.0,40345.0,23321.0
37343.0,32381.0,38179.0,22367.0
37212.0,32811.0,34668.0,21011.0
36195.0,34307.0,30371.0,19935.0
35801.0,34951.0,26058.0,19315.0
35879.0,34843.0,23561.0,20141.0
35487.0,34439.0,23017.0,22949.0
35127.0,33482.0,22765.0,26243.0
35347.0,32491.0,22354.0,29424.0
36636.0,31423.0,22512.0,32066.0
38153.0,27633.0,24021.0,33462.0
38792.0,24517.0,29544.0,34126.0
39633.0,23277.0,35351.0,34682.0
40292.0,22680.0,36081.0,34880.0
37251.0,22304.0,35352.0,34892.0
33018.0,21846.0,34019.0,35742.0
28439.0,22512.0,33104.0,39014.0
25436.0,26875.0,32640.0,41004.0
26243.0,32093.0,32047.0,40386.0
26577.0,34698.0,31735.0,38992.0
26282.0,35601.0,32105.0,36477.0
25795.0,35775.0,34545.0,33456.0
26884.0,35856.0,36715.0,30290.0
31434.0,35737.0,38071.0,26935.0
36692.0,35433.0,40303.0,25792.0
38255.0,35347.0,38155.0,24772.0
37853.0,35534.0,34782.0,23321.0
37128.0,36642.0,30761.0,22111.0
37114.0,36898.0,26595.0,21256.0
37162.0,36334.0,23986.0,21829.0
36719.0,35503.0,23496.0,24426.0
36588.0,34199.0,23074.0,27443.0
36907.0,33454.0,22745.0,30083.0
38533.0,32097.0,22763.0,31872.0
39835.0,28185.0,24414.0,32128.0
40407.0,25517.0,29868.0,32160.0
41099.0,24220.0,35879.0,32656.0
41146.0,23262.0,36952.0,32895.0
38079.0,22780.0,36228.0,33644.0
33935.0,22321.0,35122.0,34949.0
29598.0,22892.0,34495.0,38291.0
26802.0,27219.0,33815.0,39897.0
27343.0,32418.0,32776.0,38542.0
27592.0,35127.0,32474.0,35800.0
26997.0,36372.0,32768.0,33000.0
26692.0,36674.0,35171.0,30358.0
27726.0,37225.0,37090.0,28663.0
32199.0,36948.0,38430.0,27706.0
